image_name,style,color,pattern,material,estimated_pricing,gender,events,type_of_clothing,name,description
dogdabredhoodie.jpg,streetwear,red,graphic,cotton,$50 ,unisex,casual,hoodie,Dabbing Pug Hoodie,"A vibrant red cotton hoodie featuring a playful graphic of a dabbing pug dog on the front, perfect for casual streetwear and everyday comfort."
denimjacket.png,casual,blue,solid,denim with sherpa lining,$80 ,unisex,casual,jacket,Sherpa Lined Denim Jacket,"A light blue denim jacket featuring a soft white sherpa lining and collar, perfect for casual and cool weather wear."
png-men-wear-pastel-fashionable-portrait-jacket-adult_53876-727411.jpg,streetwear,pink,solid,cotton,$150 ,male,casual,jacket and pants,Urban Pink Relaxed Set,"A trendy streetwear outfit consisting of a light pink oversized jacket with button details and matching pink relaxed fit pants, paired with a soft yellow crewneck t-shirt. Made from comfortable cotton material, perfect for casual day-to-day wear."
png-transparent-dungarees-mockup-with-brown-hoodie-street-style-shoot_53876-1044898.jpg,streetwear,white,solid,cotton,$100 ,male,casual,overalls,Urban Classic White Overalls,"White cotton overalls featuring navy adjustable straps, paired with a brown hooded sweatshirt. Relaxed casual streetwear look perfect for day-to-day wear."
whitetshirt_wornbyperson.jpg,casual,white,solid,cotton,$30 ,male,casual,shirt,Classic White Tee,"A simple, clean white cotton t-shirt with a crew neck and short sleeves, perfect for everyday casual wear."
10493.jpg,casual,white,graphic,cotton,$30 ,female,casual,T-shirt,Heart Tree Cotton Tee,A white cotton T-shirt featuring a black tree graphic adorned with hanging red hearts and the text 'It my Hearts.' Ideal for casual everyday wear.
10461.jpg,casual,white,graphic print,cotton,$50 ,male,casual,polo shirt,Classic Graphic Polo,"A white cotton polo shirt featuring a navy blue graphic print on the chest and sleeve, offering a comfortable and casual style perfect for everyday wear."
brookcreamhoodie.jpg,streetwear,white,text print,cotton,$50 ,unisex,casual,hoodie,Brooklyn Vintage Hoodie,"A cozy off-white cotton hoodie featuring bold brown printed text 'BROOKLYN EST. 1631 NEW YORK' on the front, with a front kangaroo pocket and drawstring hood."
american-man-png-sticker-mens-casual-fashion-transparent-background_53876-978709.jpg,casual,green,solid,cotton,$100 ,male,casual,jacket,Evergreen Casual Shirt Jacket,"A comfortable, solid green cotton shirt jacket featuring a button front and two chest pockets, perfect for casual everyday wear."
10186.jpg,business casual,blue,striped,cotton,$50 ,male,business,shirt,Blue Striped Business Shirt,"A classic blue striped cotton shirt with black and white accents, designed for a polished business casual look."
10370.jpg,casual,white,solid,cotton,$30 ,female,casual,t-shirt,Classic White Tee,"A plain white cotton t-shirt with a round neckline and short sleeves, perfect for casual everyday wear."
whitetshirt_midweightmens.png,casual,white,solid,cotton,$50 ,unisex,casual,shirt,Classic White Crewneck Tee,"A simple and versatile white crewneck t-shirt made from soft cotton, perfect for everyday casual wear."
10190.jpg,business casual,white,solid,cotton,$50 ,male,business,collared shirt,Classic White Dress Shirt,"A crisp, white collared shirt featuring a subtle embroidered crest on the chest, made from breathable cotton, ideal for business casual settings."
navybluetshirt.jpg,streetwear,blue,solid,cotton,$40 ,unisex,casual,shirt,Slow Sundays Tee,"A comfortable dark navy cotton t-shirt with a minimalistic 'Slow Sundays Social Club' text print on the chest, perfect for casual everyday wear."
10364.jpg,casual,red,solid,cotton,$50 ,male,casual,sweatshirt,Benetton Classic Crewneck Sweatshirt,"A comfortable red cotton crewneck sweatshirt with ribbed cuffs and hem, featuring a subtle printed brand logo on the chest."
png-turtleneck-mockup-man-wearing-dark-blue-blazer_53876-989065.jpg,business casual,gray,solid,cotton,$150 ,male,"business, casual",blazer,Modern Gray Business Blazer,"A sleek gray cotton blazer featuring a classic fit, single-button closure, and a white pocket square for a polished business casual look."
minkfurcoat.jpg,formal,gray,solid,fur,"$2,000 ",male,business,coat,Elegance Gray Fur Coat,"A luxurious long gray fur coat with a silky inner lining and button closures, perfect for formal business occasions."
headless-man-png-sticker-wearing-hoodie-transparent-background_53876-980648.jpg,athleisure,blue,solid,cotton,$50 ,male,casual,hoodie,Comfort Flex Hoodie,"A blue solid cotton hoodie with a front kangaroo pocket and adjustable drawstrings, perfect for casual and athletic wear."
orangestripeshirt.jpg,casual,orange,striped,polyester,$40 ,male,casual,shirt,Sunset Stripe Shirt,"A short-sleeved button-up shirt featuring bold vertical stripes in orange, black, and white, perfect for casual outings and summer wear."
png-cream-shirt-mockup-fashion-sleeve-adult_53876-857750.jpg,business casual,white,solid,cotton,$100 ,male,"casual, business",shirt,Classic Cotton Button-Up,"A relaxed fit, solid white cotton button-up shirt with a soft collar and casual rolled sleeves, perfect for both casual and business casual settings."
whitetshirt_womensoffwhite.png,casual,white,solid,cotton,$20 ,unisex,casual,shirt,Classic White Tee,"A simple, comfortable white cotton t-shirt with a crew neck, perfect for everyday casual wear."
flanneljacket.png,streetwear,blue,plaid,cotton,$100 ,male,casual,jacket,Quilted Plaid Hooded Jacket,"A blue plaid cotton jacket with a quilted inner lining and a black hood, designed for casual streetwear and cool weather."
10807.jpg,business casual,gray,solid,cotton,$50 ,male,"casual, business",collared shirt,Urban Grey Casual Shirt,"A short-sleeved grey collared shirt with a slim fit and button-down closure, suitable for casual and semi-formal business settings."
whitecotton.jpg,casual,white,textured,cotton,$50 ,unisex,casual,shirt,Textured Summer Button-Up,"A lightweight, white button-up shirt with a subtle textured pattern and short sleeves, perfect for casual summer outings."
bluehoodies.jpg,athleisure,blue,solid,cotton,$80 ,unisex,casual,hoodie,Nike Classic Hoodie,"A comfortable navy blue cotton hoodie with a small white Nike swoosh logo, featuring a front kangaroo pocket and adjustable drawstrings on the hood."
headless-businessman-png-sticker-full-body-cut-out-transparent-background_53876-1037552.jpg,business casual,brown,solid,wool,$200 ,male,business,suit,Classic Brown Wool Suit,"A tailored brown wool suit consisting of a single-breasted jacket and matching trousers, paired with a white dress shirt and dark tie, perfect for business or formal office settings."
whitetshirt_womensstretchjerseybabytee.png,casual,white,solid,cotton,$50 ,female,casual,shirt,Classic White Crewneck Tee,"A simple and versatile white short-sleeve crewneck shirt made from soft cotton, perfect for everyday casual wear."
man-white-background-full-height-warming-up_709984-25395.jpg,casual,blue,solid,cotton,$70 ,male,casual,shirt,Classic Light Blue Button-Up,"A comfortable light blue button-up shirt made of soft cotton, perfect for casual outings and everyday wear."
png-pants-khaki-clothing-apparel_53876-803584.jpg,business casual,brown,solid,cotton blend,$150 ,male,business,pants,Classic Pleated Trousers,"These classic pleated trousers in a light brown cotton blend offer a polished and professional look, perfect for business casual settings."
graphikdress.jpg,casual,white,floral,cotton,$100 ,female,casual,dress,Floral Puff-Sleeve Midi Dress,"A white midi dress with a delicate floral pattern featuring puff sleeves and a square neckline with tie details, perfect for casual outings."
headless-man-png-sticker-wearing-shirt-mens-casual-fashion-transparent-background_53876-979488.jpg,casual,gray,solid,cotton,$60 ,male,casual,shirt,Urban Relaxed Short Sleeve Shirt,"A comfortable gray short sleeve button-up shirt made from breathable cotton, featuring a single chest pocket for a subtle detail, perfect for casual everyday wear."
man-looking-down_1368-125.jpg,business casual,blue,checkered,cotton,$150 ,male,"business, casual",shirt,Navy Checkered Button-Down Shirt,"A stylish navy and white checkered button-down shirt made from soft cotton fabric, perfect for business casual settings."
png-blank-suit-mockup-blazer-jacket-coat_53876-799726.jpg,business casual,green,solid,polyester,$200 ,male,business,blazer,Emerald Executive Blazer,"A sleek green polyester blazer designed for business casual wear, featuring a single-button closure and classic lapel collars."
png-man-model-brown-suit-bag-handbag-fashion_53876-837032.jpg,business casual,gray,checkered,wool,$300 ,male,business,suit,Slate Check Suit,"A tailored gray checkered wool suit paired with a white button-up shirt, perfect for business or professional settings."
png-black-man-model-winter-catalog-sweatshirt-portrait-fashion_53876-921467.jpg,streetwear,green,solid,faux fur,$200 ,male,casual,jacket,Emerald Plush Bomber,"A cozy and stylish oversized faux fur bomber jacket in a deep green shade, perfect for casual streetwear and cold weather."
png-blue-jacket-sleeve-pants-coat_53876-849147.jpg,streetwear,blue,solid,leather,$200 ,unisex,casual,jacket,Azure Leather Jacket,"A sleek blue leather jacket featuring a classic collar, snap button closure, and minimalist design perfect for casual streetwear looks."
whitetshirt_offwhite.png,casual,white,solid,cotton,$50 ,unisex,casual,shirt,Classic White Tee,"A simple, clean, and versatile white cotton t-shirt with a crew neck and short sleeves, perfect for everyday casual wear."
10367.jpg,casual,purple,plaid,cotton,$40 ,male,casual,shirt,Purple Plaid Casual Shirt,"A comfortable purple plaid cotton shirt featuring a button-up front, single chest pocket, and roll-up sleeves, perfect for casual day-to-day wear."
10189.jpg,business casual,blue,striped,cotton,$50 ,male,business,collared shirt,Navy Vertical Stripe Shirt,"A navy blue collared shirt featuring vertical white stripes, made from comfortable cotton fabric, ideal for business casual settings."
10371.jpg,streetwear,black,graphic print,cotton,$50 ,male,casual,sweatshirt,Urban Edge Graphic Sweatshirt,"A black cotton sweatshirt featuring a bold white graphic print on the chest, with a zippered collar and a front kangaroo pocket, perfect for casual streetwear looks."
blacktshirt_basic.png,casual,black,solid,cotton,$30 ,male,casual,shirt,Classic Black Crewneck Tee,"A basic black crewneck t-shirt made from soft cotton, perfect for everyday casual wear."
whitetshirt_womens.jpg,casual,white,solid,cotton,$20 ,female,casual,t-shirt,Classic White Crewneck Tee,"A simple and comfortable white cotton t-shirt with a classic crew neckline, ideal for everyday casual wear."
navybluehoodie.jpg,athleisure,blue,solid,cotton,$60 ,unisex,casual,hoodie,Sunday Running Club Hoodie,A comfortable blue hoodie made from soft cotton featuring a front kangaroo pocket and 'Sunday Running Club' text print on the chest.
bluetshirt_navy.png,casual,blue,solid,cotton,$25 ,unisex,casual,shirt,Classic Navy Tee,"A simple, comfortable navy blue cotton t-shirt with a classic crew neck and short sleeves, perfect for everyday casual wear."
whitetshirt_greenishbackground.jpg,casual,white,solid,cotton,$50 ,unisex,casual,shirt,Classic White Crewneck Tee,A simple and versatile white short sleeve crewneck t-shirt made from soft cotton for everyday casual wear.
young-bald-muscular-man_251136-2703.jpg,casual,gray,solid with subtle texture,cotton blend,$70 ,male,casual,hoodie,Heather Gray Casual Hoodie,"A cozy gray hoodie with a front pocket and a button-closure neckline featuring drawstrings, made from a soft cotton blend perfect for casual wear."
greenpants.jpg,casual,green,solid,cotton,$40 ,unisex,casual,pants,Green Casual Cotton Trousers,"Comfortable green cotton trousers with an elastic waistband and elastic cuffs, perfect for everyday casual wear."
png-cozy-blue-knit-sweater_53876-827562.jpg,casual,blue,cable knit,cotton,$100 ,female,casual,sweater,Cozy Cable Knit Sweater,"A comfortable blue cotton cable knit sweater with a relaxed fit and ribbed cuffs and hem, perfect for casual wear."
man-png-element-transparent-background_53876-957364.jpg,casual,red,plaid,cotton,$50 ,male,casual,shirt,Everyday Plaid Shirt,"A casual red plaid button-down shirt made from lightweight cotton, perfect for everyday wear and informal outings."
31987860_fpx.webp,athleisure,beige,solid,polyester,$150 ,male,casual,hoodie,Urban Zip Hoodie,"A sleek beige zip-up hoodie made from smooth polyester fabric, featuring a minimalist design with a hood and drawstrings, perfect for casual and athleisure wear."
13837880_fpx.webp,casual,brown,solid,cotton,$100 ,male,casual,jacket,Classic Khaki Lightweight Jacket,"A versatile khaki zip-up jacket made from lightweight cotton, featuring a simple solid pattern and a relaxed fit, perfect for casual outings."
31727551_fpx.webp,athleisure,brown,solid,fleece,$80 ,male,casual,jacket,Cozy Zip Fleece,"A warm, full-zip fleece jacket in a neutral brown tone, perfect for casual wear and outdoor activities."
31214852_fpx.webp,athleisure,blue,solid,cotton,$100 ,female,casual,sweatshirt,Cozy Blue Crewneck,"A comfortable blue cotton crewneck sweatshirt with ribbed cuffs, perfect for casual athleisure wear."
26337667_fpx.webp,athleisure,black,solid,cotton,$100 ,male,casual,hoodie,Classic Black Zip Hoodie,"A comfortable black cotton zip-up hoodie with a front pocket and a small logo on the chest, perfect for casual and athleisure wear."
31830384_fpx.webp,casual,green,solid,cotton,$150 ,female,casual,polo shirt,Classic Relaxed Polo,"A comfortable, long-sleeve green cotton polo shirt with a relaxed fit and ribbed cuffs, ideal for casual wear."
31441238_fpx.webp,business casual,white,striped,cotton,$50 ,male,"casual, business",polo shirt,Classic Striped Polo,"A white short-sleeve polo shirt featuring thin horizontal black stripes, made from comfortable cotton fabric for everyday wear."
31729574_fpx.webp,athleisure,gray,solid,polyester,$70 ,male,casual,sweatshirt,Columbia Half-Zip Sweatshirt,"A comfortable and versatile gray half-zip sweatshirt made from soft, breathable polyester fabric. Ideal for casual wear or light outdoor activities."
32115576_fpx.webp,business casual,white,solid,cotton,$50 ,male,"casual, business",polo shirt,Classic White Polo,"A classic white polo shirt made from soft cotton, featuring a three-button placket and short sleeves, perfect for casual or business casual occasions."
3502496_fpx.webp,business casual,blue,solid,cotton,$100 ,male,business,collared shirt,Classic Light Blue Dress Shirt,"A crisp, light blue cotton dress shirt with a spread collar and button cuffs, perfect for professional and business casual occasions."
28281467_fpx.webp,casual,blue,floral,cotton,$100 ,female,casual,jacket and dress,Denim Jacket with Floral Dress,"A casual outfit consisting of a mid-blue denim jacket paired with a white floral print cotton dress, perfect for everyday wear."
16476087_fpx.webp,business casual,blue,solid,cotton,$70 ,male,casual,pants,Classic Navy Chinos,"A pair of comfortable and versatile navy blue chinos made from breathable cotton, ideal for casual and semi-formal occasions."
26935467_fpx.webp,athleisure,green,solid,cotton,$60 ,male,casual,hoodie,Essential Zip Hoodie,"A comfortable green zip-up hoodie made with soft cotton fabric, designed for casual and athleisure wear with a front pouch pocket and adjustable hood."
29243735_fpx.webp,casual,blue,solid,denim,$100 ,female,casual,pants,Classic High-Rise Jeans,"Light blue high-rise denim jeans with a straight leg fit, featuring a clean, solid pattern perfect for casual everyday wear."
24132877_fpx.webp,athleisure,gray,solid,fleece,$70 ,female,casual,jacket,Cozy Fleece Zip-Up,"A light gray fleece jacket featuring a full front zipper, raglan sleeves, and side pockets, designed for casual warmth and comfort."
29173205_fpx.webp,business casual,blue,solid,wool blend,$200 ,male,business,suit,Navy Classic Suit,"A well-fitted navy blue wool blend suit paired with a light blue dress shirt and a striped tie, ideal for professional and business settings."
28434024_fpx.webp,business casual,black,solid,cotton,$100 ,male,casual,sweater,Classic Black Crewneck Sweater,"A simple, solid black cotton crewneck sweater designed for comfortable everyday wear with a clean and polished look suitable for casual and business casual occasions."
32149252_fpx (1).webp,business casual,blue,solid,cotton,$80 ,male,"casual, business",polo shirt,Classic Blue Polo,"A light blue short-sleeve polo shirt made from soft cotton material, featuring a traditional collar and button placket, suitable for casual and business casual settings."
14535626_fpx.webp,business casual,black,solid,leather,$200 ,male,casual,jacket,Classic Leather Jacket,"A sleek black leather jacket with a front zipper and a pointed collar, ideal for casual and business casual occasions."
28436706_fpx.webp,athleisure,black,solid,polyester,$100 ,male,casual,jacket,North Face Weatherproof Jacket,"A sleek black weatherproof jacket featuring a hood, front zipper, and elastic cuffs, designed for casual outdoor wear and light protection against rain."
30345446_fpx.webp,business casual,orange,checkered,cotton,$100 ,male,business,collared shirt,Orange Check Dress Shirt,"A fitted orange checkered dress shirt made from breathable cotton, featuring a classic button-down collar and a subtle embroidered logo on the chest, ideal for business casual settings."
31833315_fpx.webp,business casual,green,solid,polyester,$50 ,male,"casual, business",polo shirt,Columbia Classic Polo,"A light green Columbia polo shirt made of breathable polyester, featuring a classic collar and short sleeves, suitable for casual and business casual occasions."
31698533_fpx.webp,casual,white,eyelet,cotton,$150 ,female,casual,dress set,Summer Breeze Two-Piece Dress,"A white cotton eyelet two-piece set featuring a button-down sleeveless crop top with scalloped edges and a matching high-waisted, midi A-line skirt. Perfect for casual summer outings or garden parties."
31593483_fpx.webp,business casual,pink,solid,cotton,$80 ,female,casual,blouse,Pleated Soft Pink Blouse,"A soft pink blouse featuring vertical pintuck pleats along the front, button closure, and slightly puffed 3/4 length sleeves with gathered cuffs, perfect for casual or business casual settings."
31441298_fpx.webp,business casual,white,striped,cotton,$70 ,male,"casual,business",collared shirt,Classic Striped Polo,"A white cotton collared polo shirt with thin black horizontal stripes, providing a clean and versatile look suitable for casual and business casual occasions."
19147294_fpx.webp,athleisure,gray,solid,cotton,$60 ,male,casual,sweatshirt,Nike Everyday Crew Sweatshirt,"A comfortable and versatile gray crewneck sweatshirt made of soft cotton with a minimal Nike logo on the chest, perfect for casual and athleisure wear."
15694104_fpx.webp,casual,blue,solid,denim,$70 ,male,casual,pants,classic straight denim jeans,"A pair of classic straight-fit denim jeans in a light blue wash, perfect for everyday casual wear."
30397133_fpx.webp,business casual,green,plaid,cotton,$100 ,male,"casual, business",collared shirt,Green Plaid Button-Down Shirt,"A classic green plaid cotton button-down shirt with a neatly tailored fit, perfect for casual or smart business casual occasions."
31004284_fpx.webp,business casual,brown,checked,wool,$300 ,male,"business, casual",blazer,Classic Checked Wool Blazer,"A sophisticated brown checked wool blazer with a tailored fit, perfect for business casual occasions."
26860924_fpx.webp,casual,blue,logo print,cotton,$50 ,male,casual,pants,Logo Print Lounge Pants,"Comfortable blue lounge pants with an elastic waistband and white logo print pattern, perfect for casual wear or relaxing at home."
31807594_fpx.webp,athleisure,blue,solid,polyester,$100 ,female,casual,jacket,Columbia Lightweight Windbreaker,"A lightweight, solid blue polyester windbreaker jacket with a full front zipper, high collar, and side pockets designed for comfort and casual wear."
31618599_fpx.webp,business casual,blue,striped,cotton,$60 ,male,"casual, business",collared shirt,Blue Striped Polo,"A lightweight blue striped cotton polo shirt with a classic collar and button placket, perfect for casual and business casual settings."
31715463_fpx.webp,casual,white,floral,cotton,$100 ,female,casual,dress,Floral Cotton Sundress,"A white cotton sundress with a colorful floral print, featuring thin spaghetti straps and a fitted bodice with a slight peplum detail, perfect for casual summer outings."
27455916_fpx.webp,athleisure,blue,solid,polyester,$70 ,female,casual,leggings,Performance High-Rise Leggings,"Comfortable and stretchy high-rise blue leggings designed for workouts and casual wear, made from moisture-wicking polyester material."
32089575_fpx.webp,casual,green,cable knit,cotton,$100 ,female,casual,sweater,Mint Cable Knit Sweater,"A soft, green cable knit sweater made from cotton featuring a classic crew neck design, perfect for everyday casual wear."
31397823_fpx.webp,streetwear,brown,solid,denim,$150 ,male,casual,jacket,Classic Brown Denim Jacket,"A solid brown denim jacket designed with button closures and chest pockets, featuring contrast stitching for a rugged, casual look."
27223143_fpx.webp,athleisure,black,solid,polyester,$80 ,male,casual,pants,Performance Track Pants,"A pair of black sporty track pants with a slim fit, designed with lightweight polyester for breathability and comfort during workouts or casual wear."
23091080_fpx.webp,casual,blue,solid,cotton,$50 ,male,casual,t-shirt,Basic Light Blue T-Shirt,"A soft, light blue cotton t-shirt with a classic crew neck and short sleeves, perfect for everyday casual wear."
29196530_fpx.webp,casual,black,solid,cotton,$100 ,male,casual,sweatshirt,Classic Quarter-Zip Sweatshirt,"A black quarter-zip sweatshirt made of soft cotton material, featuring a small logo on the chest and ribbed cuffs for a comfortable fit."
31396587_fpx.webp,business casual,blue,solid,cotton,$80 ,male,"casual, business",polo shirt,Classic Blue Polo,"A classic navy blue polo shirt made from comfortable cotton, perfect for casual and business casual settings."
32429712_fpx.webp,business casual,black,solid,wool,$200 ,female,business,blazer,Classic Double-Breasted Blazer,"A sleek black wool double-breasted blazer with gold buttons, perfect for a polished business casual look."
29523274_fpx.webp,athleisure,gray,solid,polyester,$40 ,male,casual,shorts,Performance Training Shorts,"Lightweight gray athletic shorts made from moisture-wicking polyester, featuring an elastic waistband for comfort and a small brand logo on the leg."
29178965_fpx.webp,business casual,gray,plaid,wool blend,$150 ,male,"business, casual",blazer,Modern Plaid Blazer,"A sharp gray plaid blazer made from a wool blend, perfect for elevating business casual and smart casual looks."
31790610_fpx.webp,athleisure,blue,solid,cotton,$70 ,male,casual,hoodie,Skyline Zip Hoodie,"A comfortable light blue zip-up hoodie with a drawstring hood and front pockets, perfect for casual everyday wear."
32504426_fpx.webp,casual,blue,solid,polyester,$70 ,male,casual,shorts,Aqua Casual Drawstring Shorts,"Light blue solid-colored casual shorts with a drawstring waist, perfect for relaxed summer days."
32149252_fpx.webp,business casual,blue,solid,cotton,$70 ,male,"casual, business",shirt,Classic Blue Polo Shirt,"A light blue cotton polo shirt featuring a classic collar and button placket, perfect for casual and business casual settings."
29432269_fpx.webp,casual,beige,solid,cotton blend,$80 ,female,casual,jumpsuit,Elegant Beige Jumpsuit,"A stylish beige jumpsuit featuring a deep V-neckline, wide-leg pants, short sleeves, and a fitted waist, made from a soft cotton blend fabric perfect for casual daytime wear."
30286331_fpx.webp,business casual,blue,solid,cotton,$200 ,female,"casual, business",coat,Skyline Trench Coat,"A sleek, light blue trench coat made from cotton with a classic button-down front and a structured collar, perfect for elevated casual or business casual looks."
32366731_fpx.webp,casual,brown,solid,linen,$100 ,female,casual,pants,Relaxed Linen Drawstring Pants,"Lightweight brown linen pants with a relaxed fit and a drawstring waist, perfect for casual outings and warm weather."
24657426_fpx.webp,business casual,blue,solid,cotton,$150 ,male,"casual, business",jacket,Navy Classic Harrington Jacket,"A timeless navy blue cotton Harrington jacket featuring a zip closure, ribbed cuffs, and a minimalist logo on the chest, perfect for casual or business casual settings."
24673531_fpx.webp,business casual,black,solid,cotton,$150 ,female,business,blazer,Classic Black Cotton Blazer,"A tailored black cotton blazer featuring gold buttons, perfect for elevating a business casual look."
31271780_fpx.webp,business casual,black,solid,cotton blend,$100 ,female,business,dress,Elegant Office Dress,"A fitted black knee-length dress with short sleeves and flap pockets, ideal for professional and business casual settings."
24120017_fpx.webp,casual,blue,solid,denim,$70 ,female,casual,overalls,Denim Short Overalls,"Light blue denim short overalls with adjustable straps and side button detailing, perfect for casual daywear."
32242723_fpx.webp,casual,orange,solid,cotton,$80 ,male,casual,hoodie,Urban Comfort Hoodie,"A solid orange cotton hoodie featuring a front kangaroo pocket and an adjustable drawstring hood, designed for everyday casual wear."
31608631_fpx.webp,business casual,green,solid,cotton,$120 ,female,"casual, business",jumpsuit,Casual Utility Jumpsuit,"A stylish green cotton jumpsuit featuring a belted waist, rolled cuffs, short sleeves and front pockets, perfect for casual or business casual occasions."
67643858_023_b.webp,athleisure,brown,solid,cotton,$100 ,female,casual,sweatshirt,Cozy Zip Sweatshirt,"A soft, brown, cotton zip-up sweatshirt with a relaxed fit, perfect for casual and comfortable wear."
4144529130340_020_b.webp,streetwear,brown,solid,knit cotton,$150 ,female,casual,sweater,Zip-front Ribbed Pullover,"A cozy brown ribbed knit pullover with a half-zip collar and balloon sleeves, perfect for casual and stylish everyday wear."
4144529130416_012_b.webp,casual,white,knitted,cotton,$100 ,female,casual,short sleeve sweater,Breeze Knit Top,"A lightweight, short sleeve knitted white sweater with a breathable pattern, perfect for casual outings."
81250136_237_c.webp,athleisure,black,solid,cotton,$100 ,female,casual,shirt,Classic Black Henley,"A fitted black henley shirt with short sleeves and button-down neckline, made of soft and breathable cotton, perfect for casual or workout wear."
80508013_010_b.webp,athleisure,white,solid,polyester,$100 ,female,casual,dress,Sleek Athleisure Dress,"A sleeveless white athleisure dress made of smooth polyester with a clean and minimalistic design, perfect for casual outings or sporty events."
4144953280002_001_b.webp,athleisure,black,solid,polyester,$80 ,female,casual,sports bra,Dual-Tone Active Sports Bra,"A sleek black and brown color-block sports bra designed for high-performance workouts, featuring smooth polyester fabric for comfortable support and breathability."
4130657990091_018_b.webp,casual,black,solid,cotton,$100 ,female,casual,dress,Minimalist Black Slip Dress,"A simple black slip dress featuring thin straps and white trim along the neckline and hem, perfect for casual summer outings."
4130647160200_063_b.webp,casual,orange,solid,cotton,$100 ,female,casual,dress,Bright A-line Cotton Dress,"A vibrant orange cotton A-line dress with short sleeves and a simple crew neckline, perfect for casual daytime outings."
4144021370055_001_b.webp,athleisure,black,solid,cotton,$50 ,female,casual,top and skirt set,Sporty Chic Crop Top and Skirt,"A sleek black crop top paired with a matching high-waisted skirt, made from breathable cotton for comfortable casual and sporty wear."
4149568950007_035_b.webp,athleisure,white,solid,cotton,$100 ,female,casual,shirt,Casual V-Neck Crop Top,"A sleeveless, white V-neck crop top made from soft cotton, perfect for casual and athleisure wear."
27842690_fpx.tif.webp,casual,blue,solid,denim,$60 ,female,casual,shirt,Classic Denim Blouse,A light blue denim blouse featuring 3/4 length sleeves with buttoned cuffs and subtle gathered detailing on the yoke for a relaxed fit.
31514441_fpx.tif.webp,casual,white,floral,cotton,$100 ,female,casual,dress,Floral Breeze Dress,"A lightweight white cotton dress featuring small purple floral prints, puffed sleeves, a square neckline, and a tiered skirt for a relaxed, feminine look."
4144529130331_102_b.webp,athleisure,gray,solid,fleece,$150 ,female,casual,jacket,Cozy Winter Fleece Jacket,"A light gray fleece jacket with a cinched waist and zippered front, designed for warmth and comfort during casual winter outings."
32310518_fpx.tif.webp,business casual,white,floral,polyester,$100 ,female,casual,shirt,Elegant Floral Halter Top,"A stylish halter neck top with a delicate floral print in black on a white background, made from lightweight polyester fabric, perfect for casual or business casual occasions."
4145916210079_045_b.webp,casual,blue,solid,cotton,$100 ,female,casual,dress,Breezy Blue Maxi Dress,"A light blue, cotton maxi dress with a deep V neckline and short flutter sleeves, perfect for casual summer outings."
4130916210081_041_b.webp,casual,blue,floral,cotton,$70 ,female,casual,dress,Floral Ruffle Mini Dress,"A casual blue mini dress with a fitted waist, flutter sleeves, and a ruffled hem, featuring a delicate floral pattern perfect for relaxed summer outings."
26756388_fpx.tif.webp,casual,blue,solid,cotton,$50 ,female,casual,tank top,Lace Trim Tank Top,"A navy blue sleeveless tank top featuring delicate lace trim along the neckline and armholes, made from soft cotton fabric for comfortable casual wear."
4149522160164_041_b.webp,casual,black,solid top with striped skirt,cotton,$100 ,female,casual,dress,Striped Casual Combo Dress,"A comfortable casual dress featuring a solid black top with rolled sleeves paired with a black and white striped asymmetric skirt, perfect for everyday wear."
4144021370053_001_b.webp,casual,black,solid,cotton,$100 ,female,casual,dress,Sleek Side-Slit Maxi Dress,"A sleeveless black maxi dress with a fitted silhouette and a side slit, made from soft cotton material, ideal for casual outings."
66666967_066_b.webp,athleisure,pink,solid,cotton,$100 ,female,casual,sweatshirt and sweatpants,Cozy Pink Sweat Set,A comfortable and stylish pink cotton sweatshirt and sweatpants set perfect for casual lounging or light activity. The sweatshirt is tied at the waist for a chic touch.
82016924_060_b.webp,casual,pink,solid,cotton,$100 ,female,casual,dress,Pink Casual Midi Dress,"A sleeveless pink midi dress with a gathered waist and pockets, made of comfortable cotton fabric, perfect for casual outings."
97515779_014_b.webp,casual,white,crochet,cotton,$150 ,female,casual,dress,Sunset Crochet Tunic,"A lightweight, airy crochet dress with a deep V-neckline and scalloped edges, perfect for beach outings or casual summer days."
4144953280004_001_b.webp,athleisure,black,solid with mesh panels,polyester,$100 ,female,casual,leggings and sports bra set,Mesh Panel Active Set,"A sleek black athleisure set featuring high-waisted leggings with mesh panel accents and a matching sports bra, perfect for workouts or casual wear."
4144529130101_066_b.webp,athleisure,pink,solid,cotton blend,$100 ,female,casual,sweatshirt,Cozy Chill Pullover,"A relaxed fit pink sweatshirt with a unique draped collar and cinched waist tie, made from a soft cotton blend ideal for casual wear and athleisure styling."
4149812760015_006_b.webp,casual,gray,solid,cotton,$80 ,female,casual,dress,Gray Ribbed Tank Dress,"A comfortable gray ribbed tank dress with a fitted silhouette, perfect for casual outings and layered with a plaid shirt tied at the waist for added style."
4130089450070_010_b.webp,casual,white,solid,cotton,$100 ,female,casual,dress,Sleeveless Cotton Dress,"A sleeveless white cotton dress with a fitted waist and a slight flare skirt, featuring a front button placket and a chest pocket, perfect for casual outings."
4149812760027_001_b.webp,casual,black,solid,cotton,$100 ,female,casual,dress,Essential Ruched Cap Sleeve Dress,"A fitted black casual dress featuring subtle ruching on the side, cap sleeves, and a round neckline, designed for comfortable everyday wear."
60288503_055_b.webp,athleisure,pink,solid,cotton blend,$100 ,female,casual,sweatshirt,Zip-Detail Off-Shoulder Sweatshirt,"A soft pink cotton blend sweatshirt featuring an off-shoulder design with a half zip and ribbed cuffs, perfect for comfortable casual wear."
4149238220092_023_b.webp,casual,brown,solid,cotton,$100 ,female,casual,dress,Elegant Ribbed Midi Dress,"A casual ribbed midi dress in a warm brown shade with a scoop neckline, half sleeves, keyhole cutout details, and a side slit for comfort and style."
4149928370001_007_b.webp,athleisure,gray,solid with text,cotton,$70 ,female,casual,pants,Free City Joggers,"Comfortable gray cotton joggers featuring a relaxed fit with pink text on one leg, perfect for casual and athleisure wear."
82961814_045_b.webp,athleisure,white,solid,polyester,$100 ,female,casual,sports bra and shorts set,Pure Motion Athletic Set,"A sleek and comfortable white sports bra and high-waisted shorts set made from breathable polyester fabric, ideal for casual and active wear."
4144529130314_211_b.webp,athleisure,white,solid,cotton,$100 ,female,casual,sweatshirt,Everyday Comfort Sweatshirt,"A relaxed fit, long sleeve white cotton sweatshirt with side zipper detailing for added style and comfort."
4149522160096_041_b.webp,casual,blue,solid,cotton,$150 ,female,casual,jumpsuit,Navy Comfort Jumpsuit,"A relaxed-fit navy blue jumpsuit made from soft cotton, featuring wide sleeves, a V-neckline, and side pockets for practical style."
4149090620201_066_b.webp,athleisure,pink,quilted,cotton,$100 ,female,casual,sweatshirt,Quilted Cozy Pullover,"A comfortable quilted pink pullover sweatshirt with button detail and ribbed cuffs, perfect for casual, relaxed wear."
4149346380108_037_b.webp,casual,brown,solid,cotton,$150 ,female,casual,dress,Utility Zip Dress,"A casual brown sleeveless dress featuring a front zipper and a slightly gathered hem, made from comfortable cotton fabric."
81249898_001_b.webp,casual,black,solid,cotton,$100 ,female,casual,dress,Zip-Front Halter Dress,"A black halter dress with a front zipper, featuring pockets and a drawstring hem for adjustable fit and a relaxed silhouette."
4144463400156_001_b.webp,athleisure,black,solid,polyester,$100 ,female,casual,dress,Athletic Strappy Dress,"A sleek black athleisure dress with double white straps, made from breathable polyester, perfect for casual outings and sports activities."
31593484_fpx.tif.webp,business casual,pink,solid,cotton,$70 ,female,casual,blouse,Pleated Back Pink Blouse,"A soft pink cotton blouse with pleated detailing on the back and puffed 3/4 sleeves with buttoned cuffs, perfect for a casual yet polished look."
4130647160202_055_b.webp,casual,white,floral,cotton,$100 ,female,casual,dress,Floral Patchwork Shirt Dress,"A short-sleeve A-line dress featuring a colorful floral patchwork print on a white cotton fabric, perfect for a casual day out."
4144928880207_006_b.webp,athleisure,gray,solid,cotton,$50 ,female,casual,romper,Casual Gray Cotton Romper,"A comfortable and casual gray cotton romper with a sleeveless design, elastic waistband with drawstring, and shorts bottom perfect for everyday wear."
4149522160111_053_b.webp,casual,gray,striped,cotton,$100 ,female,casual,dress,Striped Ruched Maxi Dress,"A sleeveless striped maxi dress with ruched detailing on the side and a slit for added comfort and style. Made from soft cotton material, perfect for casual wear."
4134647160004_001_a.webp,casual,black,solid,cotton,$80 ,female,casual,dress,Smocked Waist Mini Dress,"A black casual mini dress featuring short sleeves, a smocked waist, and a relaxed fit, perfect for everyday wear."
4149522160091_001_b.webp,casual,black,solid,cotton,$100 ,female,casual,dress,Zip Front Casual Dress,"A sleeveless black dress featuring a front zipper closure and a relaxed, flowy silhouette, perfect for casual outings."
4144021370054_001_b.webp,athleisure,black,solid,polyester,$100 ,female,casual,top and skirt,Sleek Active Crop Top and Skirt Set,"A fitted black crop top paired with a matching black skirt, made from lightweight and breathable polyester fabric, perfect for casual or sporty occasions."
31700472_fpx.tif.webp,casual,white,lace,cotton,$70 ,female,casual,top,Lace Summer Top,"A sleeveless white lace cotton top with a delicate floral pattern, perfect for casual summer outings."
4144529130406_022_b.webp,casual,brown,solid,knit cotton,$100 ,female,casual,sleeveless top,Brown Knit Sleeveless Sweater,"A sleeveless knit cotton sweater in a solid brown shade with a breathable open-knit pattern, perfect for casual wear."
4130260010006_068_c.webp,formal,black,floral,polyester,$150 ,female,wedding,dress,Elegant Blossom Off-Shoulder Gown,"A long, off-shoulder black gown adorned with red and pink floral patterns, made from a smooth polyester fabric, perfect for formal events like weddings."
4130646420031_046_b.webp,casual,green,abstract,cotton,$100 ,female,casual,dress,Emerald Flow Dress,"A casual short-sleeve dress featuring an abstract green and white pattern with a gathered waist and a relaxed fit, perfect for everyday wear."
4149812760029_001_b.webp,casual,black,solid,cotton,$100 ,female,casual,dress,sleek strapless midi dress,"A fitted, strapless black midi dress made from soft cotton fabric, perfect for casual outings or relaxed social events."
4149522160068_001_b.webp,streetwear,black,solid,denim,$100 ,female,casual,jumpsuit,Urban Edge Denim Jumpsuit,"A black wide-leg denim jumpsuit with sleeveless cut, side pockets, and raw hems, ideal for casual street style."
4149812760013_006_b.webp,casual,brown,solid,cotton,$100 ,female,casual,dress,Ruched Turtleneck Dress,"A fitted brown ruched dress with a high turtleneck collar made from soft cotton fabric, perfect for casual outings."
4130260010006_059_c.webp,formal,black,floral,polyester,$200 ,female,wedding,dress,Elegant Floral Off-Shoulder Gown,"A long, fitted off-shoulder gown with long sleeves featuring a bold floral pattern on a black base, perfect for formal events such as weddings."
4130972460036_001_b.webp,casual,black,striped,cotton,$100 ,female,casual,dress,Ruffled Collar Shirt Dress,"A black casual shirt dress featuring a subtle striped pattern, short puffed sleeves with ruffle details, button-down front, and a ruffled collar, perfect for relaxed everyday wear."
4149346380130_211_b.webp,casual,white,floral,cotton,$100 ,female,casual,dress,Floral Summer Dress,"Sleeveless white dress with a floral patterned skirt featuring a zippered front and a comfortable fit, perfect for casual summer outings."
4149238220088_023_b.webp,casual,brown,ribbed,cotton blend,$150 ,female,casual,dress,Everyday Ribbed Knit Dress,"A sleeveless, ribbed knit midi dress in a warm brown tone, featuring a fitted silhouette and scoop neckline, perfect for casual daywear."
62792536_064_b.webp,athleisure,red,solid,cotton,$50 ,female,casual,tank top,Crimson Stretch Tank,"A fitted red cotton tank top with thin straps, designed for comfortable casual and athletic wear."
82959479_053_b.webp,athleisure,blue,solid,polyester,$100 ,female,casual,dress,Skyline Sport Dress,"A sleek, light blue athleisure dress featuring a scoop neckline and a cut-out waist detail, perfect for active and casual wear."
4144529130171_012_b.webp,athleisure,white,solid,cotton,$100 ,female,casual,sweatshirt,Cozy Drawstring Sweatshirt,"A comfortable white cotton sweatshirt with a relaxed fit, high collar, and adjustable drawstring waist for a customizable silhouette."
4149238220085_030_b.webp,casual,white,striped,cotton,$70 ,female,casual,dress,Striped Midi T-Shirt Dress,"A casual white midi dress with green horizontal stripes, made from soft cotton fabric featuring short sleeves and a comfortable fit for everyday wear."
69117570_092_b.webp,athleisure,gray,solid,fleece,$100 ,female,casual,sweatshirt,Cozy Half-Zip Fleece,"A soft and warm gray fleece half-zip sweatshirt with ribbed cuffs and hem, perfect for casual or athleisure wear."
4144529130398_018_b.webp,casual,black,solid,knitted cotton,$150 ,female,casual,dress,Side-Slit Knit Midi Dress,"A sleeveless black knitted cotton midi dress with white trim detailing along the neckline, armholes, and side slit, perfect for casual outings near waterfronts."
4144529130219_437_b.webp,athleisure,black,solid,cotton,$100 ,female,casual,sweatshirt,Half-Zip Pullover Sweatshirt,"A relaxed fit black half-zip pullover sweatshirt made from soft cotton fabric, perfect for casual and comfortable everyday wear."
4149021370011_211_b.webp,casual,white,striped,knitted cotton,$100 ,female,casual,two-piece set,Cozy Knit Tank and Joggers Set,"A comfortable and stylish knitted two-piece set featuring a sleeveless crop tank and matching jogger pants with pastel striped accents, perfect for casual wear."
4144953280014_021_b.webp,athleisure,brown,solid,cotton blend,$150 ,female,casual,jumpsuit,Elegant Dance Jumpsuit,"A sleek brown cotton blend jumpsuit with cut-out detailing at the midriff and chest, designed for comfortable yet stylish movement."
4149238220087_009_b.webp,casual,black,abstract swirl,cotton,$70 ,female,casual,dress,Swirl Pattern Strapless Dress,"A strapless black dress featuring an abstract orange swirl pattern on the skirt. Made from comfortable cotton material, perfect for casual outings."
4130089450066_049_b.webp,casual,white,striped,cotton,$100 ,female,casual,dress,Striped Smocked Waist Dress,"A casual white cotton dress with black vertical stripes and smocked waist detail, featuring short flutter sleeves and a flared hem, perfect for a relaxed day out."
4144529130363_001_b.webp,athleisure,black,color block,cotton blend,$100 ,female,casual,top,Sporty Strappy Crop Top,"A black and white color block strappy crop top made from a soft cotton blend material, perfect for casual and athletic wear."
4144529130158_001_b.webp,athleisure,black,solid,cotton blend,$100 ,female,casual,jacket,ChillEase Black Jacket,"A sleek black cotton-blend jacket featuring snap buttons and a relaxed fit, perfect for comfortable casual wear or layering in athleisure outfits."
4149346380065_055_b.webp,athleisure,pink,solid,nylon,$100 ,female,casual,pants,Pink Cargo Track Pants,"Lightweight pink cargo-style track pants with adjustable ties at the sides and ankles, designed for comfortable casual wear."
31516209_fpx.tif.webp,casual,black,floral,polyester,$50 ,female,casual,top,Floral Lace Trim Cami,"A black floral cami top with lace detailing and adjustable straps, perfect for casual summer outings."
4130647160262_266_b14.webp,casual,blue,abstract,polyester,$100 ,female,casual,dress,Abstract Halter Dress,"A sleeveless halter dress featuring an abstract multicolor pattern with shades of blue, purple, pink, and brown, made from lightweight polyester fabric, suitable for casual outings."
4130647160153_012_b.webp,casual,white,floral,cotton,$150 ,female,casual,dress,Floral Midi Dress,"A lightweight white cotton midi dress featuring vibrant floral prints, a collared neckline, and three-quarter sleeves, perfect for casual outings."
4130647160085_010_b14.webp,casual,white,floral and geometric print,cotton,$100 ,female,casual,dress,Mediterranean Print Shift Dress,"A sleeveless white shift dress featuring colorful floral and geometric prints, perfect for casual summer outings."
4145264840012_030_b.webp,casual,white,abstract,cotton,$100 ,female,casual,dress,Abstract Breeze Maxi Dress,"A flowing maxi dress featuring a vibrant abstract pattern in green, red, blue, and white. Made of lightweight cotton, it offers breathability and comfort, perfect for casual beach or daytime outings."
4130647160152_032_b.webp,casual,green,striped,cotton,$100 ,female,casual,shirt dress,Green Stripe Shirt Dress,"A casual green and white vertically striped cotton shirt dress with button-down front and long sleeves, ideal for relaxed daytime outings."
4149238220081_098_b.webp,casual,green,solid,cotton,$100 ,female,casual,dress,Olive Square Neck Dress,"A simple olive green casual dress with a square neckline and elbow-length sleeves, made from soft cotton fabric, perfect for everyday wear."
4130972460040_001_b.webp,casual,black,solid,cotton,$100 ,female,casual,dress,Zip Front Smocked Waist Dress,"A sleeveless black casual dress featuring a zipper front, smocked waist for a fitted silhouette, and a relaxed skirt for comfort and style."
26775453_fpx.tif.webp,business casual,black,solid with lace detail,cotton with lace,$70 ,female,"casual, business",shirt,Elegant Lace Sleeve Top,"A black cotton shirt featuring delicate lace puff sleeves, perfect for a polished yet comfortable business casual look."
68837699_001_b.webp,casual,black,solid,cotton,$50 ,female,casual,dress,Ruffled Edge Sleeveless Dress,"A black sleeveless casual dress featuring ruffled edges on the shoulders and hem, made from comfortable cotton fabric, perfect for everyday wear or relaxed outings."
31393068_fpx.tif.webp,business casual,pink,solid,cotton,$100 ,female,"casual, business",collared shirt,Classic Pink Button-Up,"A soft pink cotton collared shirt with a tailored fit, perfect for both casual and business casual occasions."
4149346380068_018_b.webp,casual,black,solid,cotton,$70 ,female,casual,pants,Relaxed Drawstring Cargo Pants,"These wide-leg black pants feature an elastic drawstring waist and gathered hems, offering a relaxed and comfortable fit perfect for casual outings."
4144529130315_011_b.webp,athleisure,white,solid,fleece,$150 ,female,casual,jacket,Cozy Sherpa Zip-Up,"A comfortable white fleece jacket with a zip-up front, featuring a high collar, zippered chest pocket, and ribbed hand pockets. Perfect for casual, chilly days."
83543363_011_b.webp,athleisure,white,solid,cotton,$100 ,female,casual,jacket,Coastal Breeze Zip-Up Jacket,"A lightweight, white zip-up jacket with a relaxed fit, perfect for casual outdoor activities or layering during mild weather."
4149238220089_001_b.webp,casual,black,solid,cotton,$100 ,female,casual,dress,Urban Ease Dress,"A comfortable and stylish black cotton dress with a scoop neckline and short sleeves, perfect for casual outings or everyday wear."
4149090620243_049_b.webp,casual,blue,striped,cotton,$50 ,female,casual,shorts and button-up shirt set,Striped Summer Lounge Set,"A comfortable and breezy two-piece set featuring a cropped button-up shirt with white collar and cuffs paired with elastic waist shorts tied with a black ribbon, perfect for casual summer wear."
4130370060228_270_b.webp,casual,yellow,floral,cotton,$100 ,female,casual,dress,Sunlit Floral Cotton Dress,"A short, flowy yellow cotton dress with a floral pattern and a relaxed fit, perfect for casual outings and warm weather."
78591500_062_c.webp,athleisure,pink,solid,polyester,$100 ,female,casual,activewear set,Pink Power Active Set,"A vibrant pink activewear set consisting of a crop tank top with wide straps and high-waisted full-length leggings, perfect for workouts and casual outings."
4149021370010_211_b.webp,casual,white,striped,cotton,$150 ,female,casual,knit set,Cozy Striped Knit Lounge Set,"A comfortable and stylish three-piece knit set featuring a cropped tank top, drawstring pants, and a matching long cardigan, all adorned with pastel striped accents, perfect for relaxed casual wear."
app001prod5.webp,casual,blue,solid,cotton,$50 ,female,casual,shorts,Classic Blue Cotton Shorts,"A pair of solid blue casual shorts made from breathable cotton with a comfortable elastic waistband, perfect for everyday wear in warm weather."
2de28fbb06ba6cd5840adfee955f55361e2735d4_lg-1.jpg,business casual,purple,solid,linen,$100 ,female,"casual, business",shirt,Purple Linen Relaxed Shirt,"A relaxed-fit, long-sleeve button-up shirt made from breathable linen fabric in a deep purple hue, suitable for casual and business casual settings."
0e3a17ff4d4b32fe2c804f179185b89a4cbf7f72_lg-1.jpg,casual,blue,solid,cotton,$100 ,female,casual,dress,Navy Summer Midi Dress,"A sleeveless navy blue midi dress with a relaxed fit featuring a square neckline and gathered pleats at the chest, perfect for casual summer outings."
6a0178f242ef6c643bd6b517c6c41daf1c9d8748_lg-1.jpg,business casual,beige,solid,cotton,$200 ,female,business,coat,Modern Beige Double-Breasted Coat,"A sleek, double-breasted beige coat with a minimalist collar and a relaxed fit, perfect for a polished business casual look."
d1e4c6ee838fad77dd5bf4e368ede7b04307a02d_lg-1.jpg,casual,blue,striped,cotton,$100 ,female,casual,shirt,Skyline Striped Shirt,"A light blue cotton shirt with white vertical stripes, featuring a relaxed fit and short sleeves for a casual, comfortable style."
834754_019670.webp,formal,green,solid,polyester,$150 ,female,wedding,dress,Elegant Green Wrap Dress,"A sophisticated sleeveless midi dress featuring a wrap design and a self-tie belt, perfect for formal occasions such as weddings."
23ab0e50b5914b66ca894dc2e96a9ca671262327_lg-1.jpg,business casual,red,solid,linen,$120 ,female,"casual, business",shirt,Classic Linen Button-Up,"A relaxed fit, deep red linen button-up shirt with three-quarter sleeves, perfect for both casual and business casual occasions."
843106_019659.webp,casual,brown,solid,cotton,$100 ,female,casual,sweater,Waffle Knit Pullover,"A relaxed fit waffle knit pullover sweater in a soft beige tone with a boat neckline and slightly cropped sleeves, perfect for casual everyday wear."
850593_1352.webp,business casual,blue,solid,linen,$100 ,female,"casual, business",blouse,Skyline Linen Blouse,"A light blue linen blouse featuring a V-neck with drawstring ties and slightly puffed short sleeves, perfect for a polished yet relaxed business casual look."
1326cd86b62ae0b18eaa8c8847bed6cb5336dd7d_lg-1.jpg,business casual,brown,solid,linen,$100 ,female,"casual, business",shirt,Linen Relaxed Button-Up,"A relaxed fit brown linen button-up shirt featuring a classic collar and long sleeves, ideal for casual or business casual wear."
631ed1ef12519f8b91711716bc4cb7361ce027a2_lg-1.jpg,casual,white,solid,cotton,$50 ,female,casual,tank top,Lace Hem Spaghetti Strap Tank,"A white casual tank top featuring double spaghetti straps and a delicate lace scalloped hem, perfect for warm weather and relaxed outings."
app001prod.webp,business casual,brown,solid,cotton,$150 ,unisex,"casual, business",jacket,Modern Utility Jacket,"A sleek, minimalist brown cotton jacket with a classic collar and two large front pockets, perfect for layering in business casual or casual settings."
df0249d9a677b603206ce21e9c34d964c0c3f52e_lg-1.jpg,casual,black,geometric,silk,$150 ,female,casual,top,Geometric Silk Blouse,"A loose-fitting silk blouse with a geometric black and white pattern, featuring a v-neck and long sleeves with solid black trim on the cuffs and hem."
09afac9d7b9a23b2e925998d20434d401be1cb14_lg-1.jpg,casual,white,solid,cotton,$150 ,female,casual,dress,Elegant White Midi Dress,"A lightweight white midi dress made from cotton featuring subtle vertical pintuck details, a mandarin collar, and three-quarter sleeves, ideal for comfortable everyday wear."
856692_018895.webp,casual,white,striped,cotton,$50 ,female,casual,tank top,Striped Ribbed Tank,"A sleeveless ribbed cotton tank top with horizontal muted red stripes, perfect for casual outings and warm weather."
831343_019659.webp,business casual,beige,solid,cotton,$60 ,female,"casual, business",top,Button-Front Ribbed Tank,"A sleeveless beige ribbed tank top with a vertical row of buttons down the center, made from soft cotton fabric, ideal for business casual or everyday wear."
d36dbbe38219cd9db024d25c9da2cbe059f15e55_lg-1.jpg,casual,brown,solid,cotton,$100 ,female,casual,shirt,Relaxed Button Collar Shirt,"A relaxed-fit brown cotton shirt with a buttoned collar and long sleeves, perfect for casual everyday wear."
app001prod4.webp,casual,blue,striped,cotton,$50 ,unisex,casual,shirt,Blue Striped Classic Tee,"A relaxed fit, blue and white striped cotton t-shirt with short sleeves and a crew neck, perfect for everyday casual wear."
4ff5aceef27c7661cad13bd8288cf1b020a88fee_lg-1.jpg,business casual,brown,solid,cotton,$200 ,female,"casual, business",coat,Classic Trench Coat,"A loose-fitting beige trench coat with wide lapels, button detailing, and side pockets. Perfect for casual and business casual occasions, made from comfortable cotton fabric."
b75850abc502ace41ca0e624f2ab0719c42c5b61_lg-1.jpg,business casual,blue,solid,linen,$100 ,female,"casual, business",shirt,Classic Blue Linen Shirt,"A light blue long-sleeve button-up linen shirt, perfect for casual and business casual settings, paired with a white inner top."
857322_1352.webp,casual,blue,solid,cotton,$100 ,female,casual,dress,Sky Breeze Dress,"A light blue, solid-colored casual dress featuring thin straps and a fitted bodice with a flared skirt, perfect for warm weather outings."
app001prod7.webp,business casual,black,solid,cotton,$150 ,female,business,pants,Classic Wide-Leg Trousers,"High-waisted black wide-leg trousers made from soft cotton, designed for a polished business casual look."
850932_9829.webp,business casual,blue,solid,polyester,$100 ,female,business,dress,Teal Belted Fit and Flare Dress,"A sleek teal fit and flare dress with short sleeves and a matching belt that accentuates the waist, perfect for a polished business casual look."
89b3f7b9b74a8296752473d118872ba4da98e8a1_lg-1.jpg,casual,red,solid,cotton,$100 ,female,casual,dress,Belted Casual Midi Dress,"A comfortable red midi dress made from soft cotton fabric featuring a round neckline, short sleeves, and a slim belt with a small pouch, perfect for casual outings."
71efc5611019e2b8de5861cd878df36871125cee_lg-1.jpg,casual,red,solid,cotton,$50 ,female,casual,tank top,Classic Ribbed Tank,"A fitted, ribbed sleeveless tank top in a deep red color, made of soft cotton fabric, perfect for casual everyday wear."
925494a273ee2f1eb06909d18dea59fa9b66910f_lg-1.jpg,business casual,white,solid,knitted cotton,$100 ,female,casual,sleeveless cardigan,Ivory Ribbed Sleeveless Cardigan,"A chic ivory sleeveless cardigan with a ribbed texture and button-down front, perfect for layering in business casual or relaxed settings."
839601_1664.webp,business casual,green,solid,cotton,$100 ,female,casual,shorts,Classic Green Bermuda Shorts,"These tailored green Bermuda shorts are made from cotton fabric, perfect for a polished yet relaxed casual look."
857243_9487.webp,business casual,white,floral,polyester,$100 ,female,business,shirt,Elegant Floral Ruffle Blouse,"A white floral patterned blouse featuring a ruffled front and long puffed sleeves with smocked cuffs, designed for a polished business casual look."
d8502e1c36ab5ad9f61331dbaca25bea9b7ef8e3_lg-1.jpg,casual,red,striped,cotton,$50 ,female,casual,shirt,Classic Red Stripe Long-Sleeve,"A casual women's long-sleeve shirt featuring narrow red stripes on a white background, made of soft cotton fabric, perfect for everyday wear."
504680ed1488ed0eff8f17005b72bc3dc9c868f1_lg-1.jpg,business casual,white,striped,cotton,$100 ,female,casual,shirt,Classic Striped Button-Down Shirt,"A relaxed fit white button-down shirt featuring subtle vertical black stripes, made from breathable cotton fabric, perfect for casual business or everyday wear."
710ad10829a7c40b19630f600bd08afd302263ca_lg-1.jpg,business casual,green,striped,cotton,$100 ,female,casual,shirt,Emerald Stripe Overshirt,"A vibrant green oversized button-up shirt with white vertical stripes, made from soft cotton fabric. Features a wide collar and long sleeves with buttoned cuffs, perfect for a relaxed business casual look."
831346_520174.webp,casual,brown,floral,cotton,$100 ,female,casual,dress,Floral Wrap Dress,"A casual brown floral wrap dress with 3/4 sleeves and a slightly flared skirt, perfect for warm weather and casual outings."
app001prod3.webp,athleisure,gray,solid,cotton,$50 ,unisex,casual,shorts,Comfort Fit Lounge Shorts,"Light gray elastic waist shorts made from soft cotton fabric with a drawstring for an adjustable fit, perfect for casual and athleisure wear."
8aa8c6a08fef96691a02120d382f6873ac831614_lg-1.jpg,casual,green,solid,linen,$100 ,female,casual,shirt,Relaxed Linen Shirt,"A comfortable and breathable olive green linen shirt with a relaxed fit, featuring long sleeves and button-down front, perfect for casual wear."
826634_2222.webp,formal,black,solid,silk,$200 ,female,"business, formal",dress,Elegant Silk Midi Dress,"A sleeveless black silk midi dress with a gathered neckline and a relaxed waist, perfect for formal and business occasions."
93729596a4eb0944a2ed002ae531d0529fb23e6a_lg-1.jpg,casual,white,geometric,cotton,$150 ,female,casual,set,Geometric Lounge Set,"A relaxed two-piece set featuring a loose jacket and matching shorts with a stylish geometric pattern and contrasting stripe details at the edges, made from lightweight cotton fabric."
846366_1025.webp,business casual,green,solid,polyester,$150 ,female,business,dress,Emerald Belted Sheath Dress,"A sleek, sleeveless green sheath dress with a belted waist and decorative front pockets, ideal for business casual settings."
ab80d26d3be532e559d87254c758f907161e1c0e_lg-1.jpg,business casual,white,solid,cotton,$100 ,female,casual,shirt,Classic Sheer Cotton Shirt,"A lightweight, sheer white cotton shirt featuring a relaxed fit with rolled-up sleeves and a button-down front, perfect for a casual yet polished look."
856713_3277.webp,formal,brown,solid,knitted fabric,$200 ,female,"evening, cocktail",dress,Elegant Knit Midi Dress,"A sleeveless, form-fitting midi dress made from a soft knitted fabric in a warm brown tone, perfect for formal and cocktail events."
4a5e45c45f1bd6799d0b2379d49e95a451941221_lg-1.jpg,business casual,white,striped,cotton,$150 ,female,business,dress,Elegant Stripe Wrap Dress,"A long-sleeve, wrap-style midi dress with black vertical stripes on a white cotton fabric, featuring a collar and a sophisticated yet casual silhouette suitable for business events."
5adea9d47050194771091c7168c3d15bfae37d93_lg-1.jpg,casual,red,checkered,cotton,$70 ,female,casual,top,Gingham Peplum Top,"A sleeveless peplum top featuring a classic red and white gingham pattern. Made from lightweight cotton, ideal for casual outings and warm weather."
d5facacf49cc96d74a8fb6abaea9b3f657f28653_lg-1.jpg,business casual,black,solid,cotton,$150 ,female,casual,dress,Elegant Pleated Midi Dress,"A black midi dress featuring delicate pleating at the bodice, short cap sleeves, and a flattering A-line skirt. Made from comfortable cotton fabric, perfect for casual or semi-formal occasions."
afe1f5a04ad2cdb1220e77dd8450c7a66715b2cd_lg-1.jpg,casual,blue,solid,cotton,$100 ,female,casual,shirt,Light Blue Sheer Shirt,"A light blue, sheer cotton shirt with a relaxed fit, featuring a classic collar and button-up front. Perfect for layering casually over swimwear or a simple top."
850964_019549.webp,formal,beige,solid,polyester,$100 ,female,"evening, formal",top,Elegant One-Shoulder Top,"A sleek and elegant beige one-shoulder top featuring a soft draped neckline, perfect for formal events or evening outings."
851d838cabe8a964b33acc27467c0f3673255bf6_lg-1.jpg,business casual,pink,solid,cotton,$100 ,female,casual,shirt,Blush Balloon Sleeve Shirt,"A soft pink cotton shirt featuring voluminous balloon sleeves with gathered cuffs and a relaxed fit, perfect for casual business settings or everyday wear."
846441_523595.webp,business casual,white,abstract,cotton blend,$80 ,female,casual,shirt,Sky Breeze Blouse,"A lightweight white blouse with soft blue abstract patterns, featuring delicate lace trims on the sleeves and shoulders, perfect for a relaxed yet polished look."
1cc4a4efaef47d3240b0d328dc08feabaad8b7f3_lg-1.jpg,business casual,white,solid,linen,$150 ,female,casual,top,Linen Wrap Tank,"A sleeveless, light beige linen wrap tank top with a belt tie at the waist, perfect for casual or business casual occasions."
852788_2222.webp,casual,black,solid,polyester,$70 ,female,casual,blouse,Off-Shoulder Black Blouse,A sleek black off-shoulder blouse featuring long puffed sleeves with elastic cuffs and an elasticized neckline for a comfortable yet stylish fit.
96e2fd0c67edc994811232bc27dc527f3791d3c1_lg-1.jpg,casual,white,striped,cotton,$100 ,female,casual,hooded top,Nautical Stripe Hooded Top,"A relaxed fit, short sleeve hooded top featuring vertical navy blue and white stripes, made from soft cotton fabric perfect for casual wear."
850813_019665.webp,casual,green,embroidered floral,cotton,$60 ,female,casual,top,Olive Puff Sleeve Embroidered Top,"An olive green cotton top featuring puff sleeves and exquisite floral embroidery, with a flattering V-neck and gathered detail at the chest."
837812_9000.webp,business casual,white,solid,cotton,$100 ,female,"business, casual",collared shirt,Elegant Waist-Defined Blouse,"A white cotton blouse featuring a V-neck collar, cinched waist detailing, and 3/4 length sleeves, perfect for business casual or smart everyday wear."
6b8dde04484e240c2d72b684227967a2dad33b2b_lg-1.jpg,business casual,black,solid,linen,$100 ,female,"business, casual",top,Elegant Wrap Linen Top,"A sleeveless black wrap top made from breathable linen with a soft tie belt at the waist, perfect for business casual and everyday wear."
app001prod8.webp,business casual,green,solid,linen,$100 ,female,"casual, business",shorts,Sophisticated Linen Shorts,"A pair of tailored green linen shorts featuring a tie waist, perfect for casual or business casual settings."
f1dd96c973662d0bf34833b16a3ff26595f95c8f_lg-1.jpg,business casual,brown,solid,cotton,$150 ,female,casual,dress,Classic Shirt Dress,"A long, button-down shirt dress in a warm beige tone, made from breathable cotton fabric. Features a relaxed fit with a classic collar and long sleeves, perfect for a chic, casual look."
843056_520347.webp,business casual,black,abstract,polyester,$100 ,female,business,top,Abstract Wrap Top,"A sleeveless black and white abstract patterned top featuring a side tie detail that adds a stylish, modern twist. Made from lightweight polyester, perfect for a business casual setting."
f7527b84fd2ba99b5dfe5e7b5365077de95d25bd_lg-1.jpg,casual,pink,solid,cotton,$100 ,female,casual,dress,Blush Balloon Sleeve Dress,"A loose-fitting pink cotton dress with a gathered neckline and balloon sleeves, offering a comfortable and stylish casual look."
8aa1692b7a5fe9730b449e0d7e1f91bb4d16fe58_lg-1.jpg,casual,blue,solid,cotton,$150 ,female,casual,dress,Sky Blue Maxi Dress,"A sleeveless, flowy maxi dress in a solid sky blue cotton fabric featuring a relaxed fit and scoop neckline, perfect for casual outings."
846079_520982_MKTG1.webp,casual,green,floral,polyester,$70 ,female,casual,shirt,Tropical Breeze Sleeveless Top,"A sleeveless blouse with a relaxed fit featuring a vibrant green floral pattern on a light blue and white background, made from lightweight polyester perfect for casual summer outings."
25c6a9b513ad2bb35a6d4e65cf25a436b7fe870c_lg-1.jpg,casual,blue,solid,denim,$100 ,female,casual,jacket,Denim Tie Closure Jacket,"A casual blue denim jacket featuring a tie closure at the front and two large front pockets, perfect for relaxed everyday wear."
fdab1cdef56f8abb4f4edae0bda96c10be385c1b_lg-1.jpg,casual,green,solid,cotton,$100 ,female,casual,dress,Summer Flow Dress,"A sleeveless, green casual dress made of cotton with a flowy silhouette and scoop neckline, ideal for warm weather and casual outings."
857391_019582.webp,business casual,brown,solid,cotton,$100 ,female,business,pants,Classic Wide-Leg Cotton Trousers,"A pair of high-waisted, wide-leg cotton trousers in a warm brown tone, featuring clean lines and side pockets, perfect for a polished business casual look."
0e2dffefcfe4441af22558948fc381ac15190fbb_lg-1.jpg,casual,green,solid,linen,$70 ,female,casual,shirt,Linen Relaxed Shirt,"A vibrant green, short-sleeved loose fit linen shirt with a classic collar and button front, perfect for casual outings."
app001prod6.webp,casual,white,solid,cotton,$100 ,male,casual,shirt,Minimalist Cotton Shirt,"A relaxed-fit short sleeve shirt in a soft white cotton fabric, featuring a classic collar and button-down front with two chest pockets."
3f028a37a722ef1e464b967dccbbb74285079620_lg-1.jpg,business casual,brown,solid,cotton,$100 ,female,"casual, business",shirt,Classic Brown Button-Up,"A cropped, short-sleeve button-up shirt in a soft brown cotton fabric featuring a collar and elastic hem for a tailored yet relaxed fit."
845681_6055.webp,business casual,gray,solid,knit fabric,$100 ,female,"business, casual",sweater,Classic Ribbed Knit Sweater,"A sleek gray ribbed knit sweater with a boat neckline and three-quarter sleeves, perfect for a polished yet comfortable business casual look."
857262_520238.webp,casual,brown,animal print,polyester,$50 ,female,casual,shirt,Leopard Print Crewneck Tee,"A short-sleeve crewneck shirt featuring a bold leopard print pattern, perfect for casual everyday wear."
857335_523595_MKTG1.webp,casual,blue,floral,cotton,$100 ,female,casual,dress,Tropical Breeze Halter Dress,"A light blue and white floral halter dress made from soft cotton, perfect for casual summer outings or beach vacations."
856672_1025.webp,casual,green,eyelet,cotton,$70 ,female,casual,blouse,Emerald Eyelet Off-Shoulder Blouse,"A vibrant green off-the-shoulder blouse featuring delicate eyelet detailing with balloon sleeves and elasticized neckline and cuffs, perfect for casual outings."
850855_1352.webp,casual,blue,solid,cotton,$60 ,female,casual,sleeveless top,Blue Knit Sleeveless Top,"A light blue, sleeveless knit top made from breathable cotton with a comfortable and casual design perfect for everyday wear."
7b1f5b23db2f88f907b0001ef8b5773aa5560c02_lg-1.jpg,casual,white,lace inset,linen,$150 ,female,casual,top,Lace Inset Linen Tunic,"A relaxed fit linen tunic featuring delicate lace inset details on the sleeves and bottom front panel, designed for comfortable casual wear."
0072fac75a46488f680dc074bdc45e067197e9f9_lg-1.jpg,casual,blue,striped,linen,$100 ,female,casual,dress,Belted Linen Shirt Dress,"A knee-length blue striped linen dress featuring a button-down front, short sleeves, and a matching belt to cinch the waist, perfect for relaxed, casual wear."
6f816129997d78f6c5eb237374447057fc68b933_lg-1.jpg,casual,blue,solid,cotton,$100 ,female,casual,dress,Blue Relaxed Maxi Dress,"A comfortable and casual blue maxi dress with short sleeves and a round neckline, made from soft cotton fabric, perfect for everyday wear."
49899a31e1d7245cc2fbabac68250550369fbad6_lg-1.jpg,casual,yellow,striped,cotton,$50 ,female,casual,shirt,Sunny Striped Long Sleeve,"A casual yellow and white striped long sleeve shirt made of comfortable cotton, perfect for everyday wear."
app001prod2.webp,business casual,brown,solid,suede leather,$200 ,male,"business, casual",jacket,Taupe Suede Blazer,"A stylish taupe suede leather blazer with a relaxed fit, featuring three-button closure and patch pockets for a modern business casual look."
cde3107f962b487bb1dee126134896e5ef17cdb2_lg-1.jpg,casual,white,striped,cotton,$50 ,female,casual,shirt,Relaxed Striped Tee,"A relaxed fit, short sleeve cotton shirt featuring horizontal stripes in light blue and dark brown on a white background, perfect for casual wear."
843069_1025_MKTG1.webp,formal,green,solid,polyester,$150 ,female,wedding,jumpsuit,Emerald Elegance Jumpsuit,"A strapless, wide-leg green jumpsuit with a matching belt featuring a circular buckle, perfect for formal events like weddings. Made from smooth polyester fabric for a sleek silhouette."
856683_520221.webp,business casual,blue,floral,cotton,$70 ,female,casual,top,Floral Summer Sleeveless Top,"A lightweight sleeveless top with a floral pattern in shades of blue, pink, and brown, perfect for casual or business casual settings during warm weather."
826857_7264_MKTG1.webp,casual,beige,crochet,cotton,$150 ,female,casual,dress,Beige Crochet Knit Dress,"A sleeveless beige crochet knit dress with intricate openwork detailing around the waist, perfect for casual occasions in warm weather."
850799_523443.webp,casual,brown,polka dot,linen,$70 ,female,casual,top,Polka Dot Linen Tank,"A sleeveless brown linen tank top featuring a white polka dot pattern, perfect for casual, warm-weather wear."
a5b255ff7a878bea69ac3615f83146da821743fa_lg-1.jpg,casual,brown,solid,linen,$150 ,female,casual,romper,Earthy Linen Romper,"A relaxed-fit brown linen romper with long sleeves and elastic waist, perfect for casual day wear."
8891f1f9d79de49733f3857a43ab76c5303c9d76_lg-1.jpg,business casual,green,solid,cotton,$100 ,female,casual,jacket,Olive Utility Jacket,"A solid olive green cotton jacket with large front pockets and button closure, perfect for casual or business casual settings."
app001prod9.webp,casual,white,solid,cotton,$50 ,unisex,casual,shorts,Classic White Cotton Shorts,"Comfortable and breathable white cotton shorts featuring an elastic waistband and a clean, minimalist design perfect for casual summer wear."
d0a2bee178b33c205166eb0841931e147fc983af_lg-1.jpg,business casual,brown,striped,linen,$150 ,female,business,jumpsuit,Stripe Wrap Jumpsuit,"A beige linen jumpsuit featuring vertical brown stripes, a wrap-front design, and wide-leg pants, offering a sophisticated and comfortable business casual look."
846427_019665.webp,casual,green,embroidered floral,cotton,$100 ,female,casual,dress,Olive Eyelet Shirt Dress,"A casual green shirt dress featuring embroidered floral eyelet patterns, puff sleeves, button front, and a matching tie belt at the waist for a flattering silhouette."
7a1ddae520944e645ac922d6f88a9aea31f5f217_lg-1.jpg,casual,green,solid,cotton,$100 ,female,casual,dress,Minimalist Tank Dress,"A simple and chic sleeveless tank dress in solid green, made from breathable cotton fabric. Perfect for casual outings and warm weather."
852627_3303.webp,casual,blue,solid,denim,$100 ,female,casual,dress,Denim Tie-Waist Dress,"A sleeveless, V-neck denim dress with a tie belt at the waist, offering a casual and comfortable look perfect for everyday wear."
850950_9599.webp,business casual,white,striped,cotton,$100 ,female,casual,sleeveless top,Striped Knit Sleeveless Top,"A white and beige striped sleeveless knit top with a lightweight, breathable cotton fabric, perfect for a casual yet polished look."
399685a73091de08c0ead464346cad7764006b8f_lg-1.jpg,casual,yellow,solid,cotton,$100 ,female,casual,shirt,Sunny Day Button-Up,"A bright yellow button-up shirt with short sleeves and a cinched waist, made from lightweight cotton fabric, perfect for casual outings."
7b6ddaf337b912e5ac1540ad2c2037a71cb66983_lg-1.jpg,business casual,red,crinkled,polyester,$100 ,female,casual,top,Crinkle Red Cami,"A sleeveless red cami top with a crinkled texture and thin straps, perfect for casual or business casual settings."
835100_1352.webp,business casual,blue,solid,cotton blend,$100 ,female,business,pants,Skyline Slim Fit Trousers,"Light blue slim fit trousers with a clean, structured design suitable for office and formal settings."
852589_018757.webp,business casual,white,geometric,cotton,$60 ,female,"casual, office",top,Geometric Square Tank Top,"A sleeveless white cotton top featuring a geometric square pattern in brown tones, perfect for a business casual or relaxed office look."
app001prod1.webp,casual,white,floral,cotton,$100 ,male,casual,shirt,Blue Leaf Print Shirt,"White short-sleeve button-up shirt featuring a blue floral leaf print on one side, made from breathable cotton fabric."
857546_520155.webp,casual,black,striped,cotton,$100 ,female,casual,dress,Nautical Stripe Midi Dress,"A casual midi dress featuring bold black and white stripes, with shoulder tie straps, perfect for summer outings."
788ea0b466f3d3742cd415df024fc99e7359e1b9_lg-1.jpg,business casual,white,solid,cotton,$100 ,female,business,shirt,Minimalist White Tunic,"A loose-fitting, white cotton tunic shirt with three-quarter sleeves and subtle stitching details, perfect for a clean and sophisticated business casual look."
app001prod0.webp,casual,brown,solid,cotton,$50 ,male,casual,shorts,Comfort Fit Cotton Shorts,"A pair of casual brown cotton shorts with an elastic waistband, designed for comfort and everyday wear."
f3000d25a51a46c1b919796417185935931db3a1_lg-1.jpg,casual,white,solid,cotton,$100 ,female,casual,dress,Classic Button-Front White Dress,"A simple and elegant white cotton dress featuring a button-front detail and elbow-length sleeves, perfect for casual outings."
839188_8924.webp,business casual,beige,solid,linen,$100 ,female,"casual, business",shirt,Classic Linen Button-Up,"A breathable beige linen button-up shirt with rolled-up sleeves, perfect for casual and business casual occasions."
c8ab765b5fb5e687312593a38d821763b5d7fdb8_lg-1.jpg,casual,white,textured knit,cotton,$100 ,female,casual,knit top and shorts set,Pointelle Knit Set,"A lightweight white textured knit short sleeve top with matching knit shorts, featuring scalloped edges and button details on the neckline for a comfortable and stylish casual look."
831296_1664.webp,formal,green,solid,polyester,$200 ,female,wedding,dress,Emerald One-Shoulder Gown,"A sleek, fitted one-shoulder green dress with ruched detailing at the waist, perfect for formal occasions like weddings."
837836_9000.webp,casual,white,solid,cotton,$100 ,female,casual,dress,Classic White Button-Down Dress,"A crisp, white, short-sleeved button-down dress with a fitted waist and a flowing skirt, perfect for casual outings or daytime events."
b69afcc56aedf527325f7a66c9cd1cbf6685952c_lg-1.jpg,business casual,white,solid,linen,$100 ,female,casual,shirt,Linen Relaxed Shirt,"A loose-fitting, short-sleeve linen shirt with a button-down front and a classic collar, perfect for casual and business casual settings."
845730_1362.webp,casual,black,solid,cotton,$70 ,female,casual,top,Boho tassel blouse,"A loose-fitting black cotton blouse featuring a deep V-neckline with ruffle accents, wide short sleeves with pom-pom trim, and tassel ties at the neckline and hem."
831106_520221.webp,casual,blue,floral,cotton,$100 ,female,casual,dress,Floral Summer Sundress,"A lightweight blue floral sundress with thin straps, perfect for casual summer outings."
826148_019582.webp,casual,brown,solid,cotton,$70 ,female,casual,top,Wrap Knot Casual Top,"A sleeveless solid brown casual top featuring a side knot design, made from soft cotton for comfortable wear."
852631_5139.webp,casual,red,eyelet,cotton,$50 ,female,casual,tank top,Summer Eyelet Tank,"A bright red sleeveless tank top featuring a delicate eyelet pattern, perfect for warm weather and casual outings."
826770_2222_MKTG1.webp,business casual,black,solid,cotton,$100 ,female,"casual, business",shirt,Elegant Puff Sleeve Top,"A chic black puff sleeve top with a deep V neckline and front twist detail, perfect for business casual and elegant everyday wear."
32213076_fpx.webp,athleisure,black,solid,cotton,$150 ,male,casual,jacket,Elite Track Jacket,"A sleek black cotton track jacket with a high collar and full zip closure, designed for comfortable and stylish casual wear."
31698649_fpx (1).webp,athleisure,black,solid,cotton blend,$100 ,male,casual,sweatshirt,The North Face Quarter Zip Sweatshirt,"A comfortable black quarter-zip sweatshirt with a relaxed fit, featuring The North Face logo on the chest, made from a soft cotton blend ideal for casual wear."
31872274_fpx.webp,business casual,white,solid,cotton,$100 ,male,casual,collared shirt,Classic White Pullover Polo,"A crisp white long-sleeve pullover polo shirt with a neat collar, perfect for a business casual or smart casual look."
13837880_fpx.webp,business casual,brown,solid,cotton,$150 ,male,"casual, business",jacket,Classic Beige Zip Jacket,"A timeless beige cotton jacket featuring a zip closure, a pointed collar, and a minimalistic logo on the chest, perfect for casual and business casual occasions."
31392039_fpx.webp,casual,blue,distressed,denim,$50 ,female,casual,shorts,Urban Distressed Denim Shorts,"Casual blue denim shorts with a distressed pattern, featuring frayed hems and a classic five-pocket style, perfect for relaxed summer outings."
31443211_fpx.webp,athleisure,white,solid,cotton,$80 ,male,casual,hoodie,Pure Comfort Hoodie,"A cozy white hoodie crafted from soft cotton, perfect for casual and athleisure wear, featuring a front kangaroo pocket and adjustable drawstring hood."
31950900_fpx.webp,business casual,white,striped,cotton,$60 ,male,casual,polo shirt,Striped Classic Polo,"A white cotton polo shirt featuring thin horizontal blue stripes, perfect for casual or business casual wear."
32353045_fpx.webp,casual,blue,solid,cotton,$60 ,male,casual,sweatshirt,Skyline Casual Sweatshirt,"A comfortable blue cotton sweatshirt with a clean, solid design perfect for everyday casual wear."
31833325_fpx.webp,athleisure,orange,solid,polyester,$50 ,male,casual,polo shirt,Columbia Men's Sports Polo,"A lightweight, short-sleeve orange polo shirt made from breathable polyester, perfect for casual or active wear."
26326681_fpx.webp,business casual,brown,solid,cotton,$100 ,male,"business, casual",pants,Classic Khaki Chinos,"A pair of straight-fit khaki chinos made from soft cotton, perfect for a polished business casual look."
31790340_fpx.webp,casual,blue,solid,cotton,$60 ,male,casual,pants,Classic Blue Chinos,"These are comfortable classic blue chinos made from soft cotton, perfect for casual outings or everyday wear. Featuring a straight fit and traditional button closure."
3925240_fpx.webp,business casual,gray,solid,cotton blend,$100 ,male,"business, casual",pants,Classic Grey Chino Pants,"Tailored grey chino pants made from a comfortable cotton blend fabric, suitable for business casual and smart casual occasions."
31618319_fpx.webp,casual,brown,floral,cotton,$100 ,male,casual,shirt,Tropical Breeze Polo,"A short-sleeve polo shirt featuring a tropical floral print in warm brown tones, designed for casual comfortable wear."
31615864_fpx.webp,athleisure,black,graphic,cotton,$70 ,male,casual,hoodie,North Face Logo Hoodie,"A comfortable black cotton hoodie featuring The North Face graphic logo on the front, perfect for casual wear or outdoor activities."
32242875_fpx (1).webp,athleisure,black,solid,cotton,$100 ,male,casual,hoodie,Essential Zip Hoodie,"A sleek black zip-up hoodie made from soft cotton, featuring a minimalist design perfect for casual wear and light workouts."
32512239_fpx.webp,casual,pink,floral,cotton,$80 ,female,casual,jumpsuit,Tropical Breeze Jumpsuit,"A sleeveless pink floral cotton jumpsuit with a fitted waist tie and wide legs, perfect for casual summer outings."
31698649_fpx.webp,athleisure,black,solid,cotton,$100 ,male,casual,sweatshirt,The North Face Quarter Zip Sweatshirt,"A comfortable black quarter-zip sweatshirt made from cotton, featuring a subtle logo on the chest, suitable for casual wear and athleisure."
32644937_fpx.webp,business casual,black,solid,cotton,$100 ,male,"casual, business",collared shirt,Classic Black Polo,"A sleek black short-sleeve collared polo shirt with a subtle zip-up neckline, perfect for casual and business casual occasions."
31950996_fpx.webp,business casual,red,solid,cotton,$100 ,male,casual,polo shirt,Classic Red Polo,"A timeless red polo shirt made from soft cotton, perfect for casual or business casual wear."
31441576_fpx.webp,business casual,blue,plaid,cotton,$100 ,male,casual,collared shirt,Classic Plaid Button-Up,"A long-sleeve button-up shirt featuring a vibrant blue and green plaid pattern, made from breathable cotton, perfect for casual and business casual settings."
32512344_fpx.webp,casual,red,solid,cotton,$100 ,male,casual,hoodie,Classic Red Zip Hoodie,"A vibrant red cotton zip-up hoodie with a comfortable fit, perfect for casual outings or layering."
32242875_fpx.webp,athleisure,black,solid,cotton blend,$120 ,male,casual,hoodie,Essential Black Zip Hoodie,"A solid black zip-up hoodie made from a cotton blend, perfect for casual wear and athleisure style."
32043892_fpx.webp,business casual,green,floral,cotton,$100 ,female,"business, casual",dress,Floral Green Sleeveless Dress,"A fitted sleeveless dress featuring an all-over floral pattern in green shades, ideal for business casual settings or daytime events."
31160160_fpx.webp,casual,blue,solid,denim,$50 ,female,casual,shorts,Light Wash Denim Shorts,"A pair of light blue denim shorts with a raw hem, featuring a classic five-pocket design and a casual fit, perfect for warm weather."
19699360_fpx.webp,athleisure,black,solid,polyester,$50 ,female,casual,pants,Elevation Cropped Leggings,"Black cropped leggings made from lightweight, stretchy polyester designed for comfort and mobility during workouts or casual wear."
29043884_fpx.webp,business casual,blue,windowpane check,wool blend,$300 ,male,business,blazer,Skyline Windowpane Blazer,"A sharp blue windowpane check wool blend blazer designed for a sophisticated business casual look, featuring a tailored fit and classic notch lapels."
30349054_fpx.webp,athleisure,red,solid,cotton,$50 ,male,casual,sweatshirt,Classic Red Crewneck Sweatshirt,"A vibrant red cotton crewneck sweatshirt featuring a relaxed fit, perfect for casual and athleisure wear."
32149252_fpx (1).webp,business casual,blue,solid,cotton,$60 ,male,casual,polo shirt,Classic Blue Polo,"A classic light blue polo shirt with a soft cotton fabric, short sleeves, and a two-button placket, perfect for casual or business casual wear."
28153094_fpx.webp,formal,white,solid,polyester,$150 ,female,party,jumpsuit,Elegant Ruffle Jumpsuit,"A sleek white jumpsuit featuring a deep V-neck with ruffle detailing and a decorative belt, perfect for formal parties or evening events."
27296875_fpx.webp,athleisure,black,solid,polyester,$100 ,male,casual,shorts,Boss Contrast Waistband Shorts,"Black athletic shorts with a contrasting white waistband and side piping, featuring the bold 'BOSS' logo on one leg, designed for casual or sporty wear."
30835583_fpx.webp,athleisure,blue,solid,cotton,$70 ,male,casual,sweatshirt,Champion Classic Crewneck,"A navy blue crewneck sweatshirt with a small Champion logo on the chest and sleeve, made from soft cotton for comfortable and casual wear."
29134466_fpx.webp,athleisure,black,solid,polyester,$60 ,male,casual,sweatshirt,Under Armour Classic Crew Sweatshirt,"A black Under Armour long-sleeve crewneck sweatshirt made from comfortable polyester, perfect for casual or workout wear."
26076782_fpx.webp,casual,white,solid,cotton,$70 ,male,casual,pants,Classic White Cotton Pants,"A pair of straight-fit white cotton pants, perfect for casual outings and comfortable wear."
31698525_fpx.webp,athleisure,gray,solid,cotton,$100 ,male,casual,hoodie,Urban Comfort Zip Hoodie,"A comfortable grey zip-up hoodie made from soft cotton, featuring a relaxed fit and a drawstring hood, perfect for casual and athleisure wear."
31698601_fpx.webp,athleisure,white,solid,cotton,$70 ,male,casual,hoodie,Classic White Zip Hoodie,"A comfortable and versatile white zip-up hoodie made from soft cotton fabric, perfect for casual wear."
29349592_fpx.webp,business casual,brown,solid,cotton,$100 ,male,"business, casual",polo shirt,Classic Brown Polo,"A classic brown cotton polo shirt with a soft collar and button placket, perfect for a smart casual or business casual look."
27237322_fpx.webp,business casual,black,solid,polyester,$150 ,male,"casual, business",jacket,Classic Black Zip Jacket,"A sleek black zip-up jacket made of lightweight polyester, perfect for casual or business casual settings. Featuring a minimalistic design with a small logo accent at the chest."
26308987_fpx.webp,casual,brown,solid,cotton,$60 ,male,casual,pants,Classic Beige Casual Pants,"A pair of beige casual pants made from comfortable cotton fabric, featuring a straight cut and a relaxed fit suitable for everyday wear."
31477301_fpx.webp,casual,white,solid,cotton,$50 ,female,casual,shirt,Classic White Tee,"A simple, fitted white cotton t-shirt with short sleeves, perfect for casual everyday wear."
31833315_fpx.webp,business casual,gray,solid,polyester,$60 ,male,"casual, business",collared shirt,Columbia Classic Polo,"A light gray, short-sleeve polo shirt made from moisture-wicking polyester, featuring a classic collar and subtle brand logo on the chest, suitable for casual and business casual settings."
3876846_fpx.webp,athleisure,gray,solid,cotton,$50 ,male,casual,sweatshirt,Champion Classic Crewneck,"A comfortable gray cotton crewneck sweatshirt featuring a small logo on the chest, designed for casual and athletic wear."
31609982_fpx.webp,casual,blue,solid,denim,$50 ,female,casual,shorts,Classic Denim Shorts,"A pair of casual blue denim shorts featuring a rolled hem, designed for comfort and everyday wear."
1015474_fpx.webp,casual,black,solid,cotton,$50 ,male,"casual, everyday",pants,Classic Black Casual Pants,"A pair of classic black cotton casual pants with a straight fit, ideal for everyday wear."
31833315_fpx (1).webp,business casual,green,solid,polyester,$50 ,male,"casual, business",polo shirt,Columbia Classic Polo,"A light green short-sleeve polo shirt made from moisture-wicking polyester, perfect for casual and business casual settings."
31396568_fpx.webp,casual,green,solid,cotton,$80 ,male,casual,pants,Urban Classic Olive Pants,A pair of relaxed-fit olive green cotton pants featuring a solid pattern ideal for casual outings.
31594269_fpx.webp,athleisure,brown,solid,cotton,$50 ,male,casual,pants,Relaxed Cotton Drawstring Pants,"Comfortable brown cotton pants with a drawstring waist, perfect for casual and athleisure wear."
31396565_fpx.webp,casual,brown,solid,cotton,$100 ,male,casual,pants,Classic Brown Cotton Pants,"A pair of classic brown cotton pants with a relaxed fit, perfect for everyday casual wear."
31833319_fpx.webp,casual,blue,solid,cotton,$50 ,male,casual,polo shirt,Ocean Breeze Polo,"A lightweight blue cotton polo shirt with a classic collar and short sleeves, perfect for casual outings and everyday wear."
19475941_fpx.webp,athleisure,black,solid,cotton,$60 ,male,casual,hoodie,Essential Black Hoodie,"A solid black cotton hoodie with a front kangaroo pocket, adjustable drawstring hood, and subtle branding on the chest, perfect for casual wear or light athletic activity."
28966652_fpx.webp,athleisure,black,solid,cotton,$100 ,male,casual,hoodie,Essential Zip-Up Hoodie,"A minimalist black zip-up hoodie with a drawstring hood and ribbed cuffs, perfect for casual and athleisure wear."
9830636_fpx.webp,casual,blue,solid,denim,$80 ,male,casual,pants,Classic Light Wash Jeans,"A pair of classic light wash denim jeans with a straight fit, featuring traditional stitching and a comfortable five-pocket design."
29706777_fpx.webp,business casual,blue,solid,cotton,$100 ,male,"casual, business",sweatshirt,Skyline Quarter-Zip Pullover,"A light blue cotton quarter-zip sweatshirt with a minimalistic design, perfect for a relaxed yet polished look."
31395944_fpx.webp,business casual,black,solid,polyester,$150 ,female,business,jumpsuit,Elegant Contrast Jumpsuit,"A chic black and white jumpsuit featuring a sheer white blouse top with a tie-neck detail and solid black wide-leg pants, perfect for professional and semi-formal occasions."
31936516_fpx.webp,casual,red,floral,cotton,$60 ,female,casual,shirt,Tropical Breeze Blouse,"A lightweight cotton blouse featuring a vibrant red floral pattern with three-quarter sleeves tied at the cuffs, perfect for casual outings."
31682459_fpx.webp,athleisure,black,solid,polyester,$150 ,male,casual,hoodie,Urban Performance Hoodie,"A sleek black zip-up hoodie with a modern fit, made from lightweight polyester for comfort and performance during casual or active wear."
31682622_fpx.webp,business casual,blue,solid,cotton,$100 ,male,"casual, business",polo shirt,Classic Blue Polo,"A sleek, short-sleeve blue polo shirt with a zip-up collar, made from comfortable cotton fabric, perfect for casual and business casual occasions."
29272815_fpx.webp,formal,red,solid,polyester,$150 ,female,"evening, party, formal",jumpsuit,Ruffle Elegance Jumpsuit,"A stylish red jumpsuit featuring ruffle detailing on the straps, a fitted waist with a gold chain belt, and wide-leg pants, perfect for formal events or parties."
31589101_fpx.webp,streetwear,white,graphic,cotton,$150 ,male,casual,sweatshirt,Polo Bear Graphic Sweatshirt,"White cotton sweatshirt with a colorful Polo Bear graphic on the front, featuring a casual and relaxed fit perfect for everyday streetwear."
32680886_fpx.webp,athleisure,black,solid,polyester,$50 ,male,casual,hoodie,Classic Black Hoodie,"A comfortable black hoodie made from polyester, featuring a front pocket and a drawstring hood, perfect for casual wear and athleisure style."
30345448_fpx.webp,business casual,green,checked,cotton,$100 ,male,"business, casual",collared shirt,Green Checked Button-Down Shirt,"A classic green checked button-down shirt made from soft cotton, featuring a neat collar and long sleeves, perfect for both business and casual occasions."
31685229_fpx.webp,athleisure,black,solid,polyester,$100 ,male,casual,hoodie,Essential Zip-Up Hoodie,"A sleek, black zip-up hoodie made from soft polyester fabric featuring a minimalist design with a drawstring hood, perfect for casual and athleisure wear."
25710716_fpx.webp,business casual,blue,solid,wool,$200 ,male,business,blazer,Navy Classic Blazer,"A tailored navy blue wool blazer with a single button closure, perfect for business and formal occasions."
9465401_fpx.webp,casual,gray,solid,cotton,$50 ,male,casual,shirt,Classic Gray Crewneck Tee,"A comfortable and versatile gray crewneck t-shirt made from soft cotton fabric, perfect for everyday casual wear."
24477612_fpx.webp,business casual,white,striped,cotton,$80 ,female,casual,shirt,Striped Tie-Front Shirt,"A white button-up shirt with vertical black stripes and a stylish tie-front detail, made from breathable cotton fabric."
27910349_fpx.webp,business casual,black,solid,cotton blend,$100 ,male,"casual, business",sweater,Urban Zip Pullover,"A sleek black cotton-blend pullover sweater featuring a quarter-zip closure and a comfortable fit, ideal for both casual and business casual settings."
9293327_fpx.webp,business casual,blue,solid,cotton,$50 ,male,"casual, business",polo shirt,Classic Navy Polo,"A classic navy blue polo shirt made from soft cotton fabric with white trim details on the collar and sleeves, perfect for casual and business casual wear."
32590644_fpx.webp,business casual,red,solid,cotton,$60 ,male,"casual, business",polo shirt,Classic Maroon Polo,"A classic maroon polo shirt made from soft cotton, featuring a clean solid color design perfect for a business casual look."
26913795_fpx.webp,athleisure,black,solid,cotton blend,$60 ,female,casual,pants,Urban Comfort Joggers,"A pair of black slim-fit joggers with a drawstring waist and pocket detail, made from a comfortable cotton blend fabric, designed for casual wear and athleisure."
27298386_fpx.webp,business casual,black,solid,polyester,$100 ,male,business,pants,Classic Black Dress Pants,"A pair of tailored black dress pants with a flat front design, perfect for business and formal occasions, made from a comfortable polyester blend."
29178848_fpx.webp,business casual,gray,plaid,wool blend,$200 ,male,"business, casual",blazer,Classic Plaid Blazer,"A tailored gray plaid blazer made from a wool blend fabric, perfect for business casual settings. Features a notched lapel and single-button closure."
21477091_fpx.webp,formal,blue,solid,wool,$300 ,male,business,suit,Classic Blue Wool Suit,"A sleek, well-tailored blue wool suit featuring a two-button jacket and matching trousers, perfect for business and formal occasions."
31615938_fpx.webp,casual,brown,solid,cotton,$70 ,male,casual,sweatshirt,Everyday Quarter-Zip Pullover,"A comfortable brown cotton quarter-zip sweatshirt with a relaxed fit, perfect for casual outings or layering in cooler weather."
30844622_fpx.webp,business casual,brown,solid,cotton,$100 ,male,business,pants,Classic Khaki Chinos,"A pair of tailored brown khaki chinos made from soft cotton, perfect for business casual settings."
18543563_fpx.webp,business casual,gray,solid,cotton blend,$100 ,male,business,pants,Classic gray trousers,"A pair of slim-fit gray business casual pants made from a cotton blend, featuring a clean, solid pattern and a crease down the front for a polished look."
29959284_fpx.webp,casual,blue,plaid,cotton,$40 ,male,casual,shorts,Blue Plaid Drawstring Shorts,"Comfortable blue plaid shorts with an adjustable drawstring waist, perfect for relaxed casual wear."
31475760_fpx.webp,casual,blue,solid,denim,$50 ,female,casual,shorts,Classic Denim Shorts,"Light blue high-waisted denim shorts with a clean, solid finish, perfect for casual summer wear."
30348961_fpx.webp,casual,green,solid,cotton,$100 ,male,casual,hoodie,Emerald Classic Hoodie,"A comfortable green cotton hoodie featuring a front kangaroo pocket and drawstring hood, perfect for casual wear."
14592189_fpx.webp,business casual,blue,solid,cotton,$100 ,male,business,pants,Classic Navy Chinos,"A pair of slim-fit navy blue chinos made from breathable cotton, perfect for business casual settings."
29280103_fpx.webp,formal,red,solid,polyester,$150 ,female,"business, evening",jumpsuit,Elegant Red Jumpsuit,"A sleek red jumpsuit featuring flutter sleeves and wide-leg pants, perfect for formal business or evening occasions."
28129445_fpx.webp,casual,green,solid,cotton,$70 ,female,casual,pants,Olive Casual Tapered Pants,"Comfortable olive green tapered pants with side pockets, perfect for casual everyday wear."
32149252_fpx.webp,business casual,blue,solid,cotton,$100 ,male,"casual, business casual",polo shirt,Classic Blue Polo,"A light blue short-sleeve polo shirt made from soft cotton, perfect for casual or business casual occasions."
31615188_fpx.webp,athleisure,green,solid,cotton,$70 ,male,casual,hoodie,Evergreen Zip-Up Hoodie,"A comfortable, forest green zip-up hoodie made from soft cotton, perfect for casual outings or light outdoor activities."
31889085_fpx.webp,business casual,green,solid,cotton,$80 ,male,"casual, business",polo shirt,Classic Olive Polo,"A classic olive green cotton polo shirt with a subtle embroidered logo, perfect for casual and business casual settings."
22913946_fpx.webp,business casual,black,solid,polyester,$100 ,female,business,pants,Sleek Office Trousers,"A pair of black, tailored business casual pants made from polyester, featuring a straight cut suitable for office or professional settings."
31936128_fpx.webp,casual,black,floral,cotton,$100 ,female,casual,jumpsuit,Floral Tie-Shoulder Jumpsuit,"A black cotton jumpsuit featuring a blue floral pattern with tie shoulder straps, smocked bodice, and wide-leg cropped pants, perfect for casual outings."
14855041_fpx.webp,casual,black,solid,denim,$70 ,male,casual,pants,Classic Black Denim Jeans,"A pair of classic black denim jeans with a straight fit and rolled cuffs, perfect for everyday casual wear."
24970842_fpx.webp,business casual,black,solid,polyester,$70 ,male,business,pants,Classic Black Dress Pants,"Tailored black dress pants made from polyester fabric, offering a sleek and professional look suitable for business or formal casual events."
32323721_fpx.webp,streetwear,blue,graphic,cotton,$150 ,male,casual,hoodie,Casual Polo Bear Hoodie,"A light blue cotton hoodie featuring a graphic of a bear dressed in preppy clothing, perfect for casual streetwear looks."
30007966_fpx.webp,athleisure,brown,solid,cotton,$70 ,unisex,casual,hoodie,Cozy Everyday Hoodie,"A comfortable brown hoodie made of soft cotton fabric, featuring a front kangaroo pocket and adjustable drawstring hood, perfect for casual wear and relaxed outings."
25744053_fpx.webp,athleisure,black,solid,cotton,$50 ,female,casual,pants,Comfort Stretch Joggers,"Black cotton jogger pants with a drawstring waist, designed for comfort and casual everyday wear."
14458198_fpx.webp,business casual,blue,solid,cotton,$100 ,male,"business, casual",pants,Navy Classic Chinos,"A pair of navy blue cotton chinos with a tailored fit, perfect for both business casual and everyday wear."
1515588_fpx.webp,casual,blue,solid,denim,$60 ,male,casual,pants,Classic Blue Denim Jeans,"A timeless pair of straight-fit blue denim jeans, perfect for everyday casual wear with durable material and a comfortable fit."
28523623_fpx.webp,business casual,white,solid,cotton,$100 ,male,"business, casual",pants,Classic Chino Pants,"A pair of straight-leg, beige cotton chino pants designed for comfort and a polished look, perfect for business casual occasions."
31391592_fpx.webp,casual,blue,solid,denim,$60 ,female,casual,shorts,Classic Denim Bermuda Shorts,"Mid-rise blue denim shorts with rolled cuffs, fitted for a casual, everyday look."
24120017_fpx.webp,casual,blue,solid,denim,$70 ,female,casual,overalls,Classic Denim Short Overalls,"Light blue denim short overalls with adjustable shoulder straps, front chest pocket, and side buttons, perfect for casual summer outings."
31889085_fpx (1).webp,business casual,green,solid,cotton,$80 ,male,"casual, business",collared shirt,Classic Olive Polo,"A classic olive green cotton polo shirt with a comfortable fit and buttoned collar, perfect for casual or business casual settings."
27037693_fpx.webp,business casual,yellow,solid,cotton,$100 ,male,"casual, business",polo shirt,Sunshine Classic Polo,"A soft yellow cotton polo shirt with a classic fit, featuring a small embroidered logo on the chest, perfect for casual or business casual occasions."
27406999_fpx.webp,athleisure,black,solid,polyester,$40 ,male,casual,shorts,Essential Black Athletic Shorts,"Comfortable black athletic shorts with an elastic waistband and drawstring, perfect for casual wear or workouts."
32242723_fpx.webp,streetwear,orange,solid,cotton,$100 ,male,casual,hoodie,Autumn Blaze Hoodie,"A vibrant orange solid cotton hoodie featuring a front pocket and drawstring hood, perfect for casual streetwear styling."
